Rank,Name,Domestic Box Office,Movies,Average
1,Samuel L. Jackson,5700692814,63,90487188
2,"Robert Downey, Jr.",5474166329,43,127306194
3,Scarlett Johansson,5256939539,32,164279361
4,Tom Hanks,5065897608,53,95582974
5,Bradley Cooper,4296699396,27,159137015
6,Harrison Ford,4051252757,42,96458399
7,Chris Evans,3970719937,28,141811426
8,Tom Cruise,3960861213,43,92113051
9,Chris Hemsworth,3959570662,25,158382826
10,Zoe Saldana,3956411817,28,141300422
11,Chris Pratt,3951048052,20,197552403
12,Johnny Depp,3685235615,51,72259522
13,Eddie Murphy,3583063429,42,85311034
14,Will Smith,3541266885,34,104154908
15,Vin Diesel,3457436277,26,132978318
16,Dwayne Johnson,3372168796,36,93671355
17,Mark Ruffalo,3371517885,22,153250813
18,Tom Holland,3258224431,15,217214962
19,Don Cheadle,3257133326,22,148051515
20,Matt Damon,3219561975,42,76656238
21,Jeremy Renner,3185916086,18,176995338
22,Emma Watson,3048074482,15,203204965
23,Bruce Willis,2917497183,78,37403810
24,Adam Sandler,2868254500,41,69957427
25,Chadwick Boseman,2840667425,11,258242493
26,Ben Stiller,2797049842,34,82266172
27,Nicolas Cage,2758164904,86,32071685
28,Josh Brolin,2750739401,23,119597365
29,Karen Gillan,2742798149,13,210984473
30,Steve Carell,2724332161,27,100901191
31,Jim Carrey,2723827458,30,90794249
32,Leonardo DiCaprio,2632842524,27,97512686
33,Jennifer Lawrence,2594808492,22,117945841
34,Robin Williams,2587460319,37,69931360
35,Benedict Cumberbatch,2584230225,16,161514389
36,Liam Neeson,2566047471,55,46655409
37,Robert De Niro,2537897128,74,34295907
38,Daniel Radcliffe,2527050361,22,114865926
39,Mark Wahlberg,2526181788,43,58748414
40,Hugh Jackman,2523117937,33,76458119
41,Sandra Bullock,2511604116,34,73870709
42,Brad Pitt,2506232427,43,58284475
43,Dave Bautista,2505218908,20,125260945
44,Gwyneth Paltrow,2480583070,20,124029154
45,Cameron Diaz,2466609332,28,88093190
46,Denzel Washington,2465989690,47,52467866
47,Ian McKellen,2461751102,18,136763950
48,Elizabeth Olsen,2458177104,14,175584079
49,Ewan McGregor,2414430382,34,71012658
50,Sebastian Stan,2408019222,11,218910838
51,Julia Roberts,2399540181,36,66653894
52,Ben Affleck,2396238497,44,54459966
53,Tom Hiddleston,2394719717,13,184209209
54,Rupert Grint,2392157094,13,184012084
55,Letitia Wright,2367976908,10,236797691
56,Paul Bettany,2362328420,14,168737744
57,Mel Gibson,2341409610,48,48779367
58,Kevin Hart,2320231330,31,74846172
59,John Travolta,2279768233,51,44701338
60,Owen Wilson,2279128646,36,63309129
61,Adam Driver,2263075433,18,125726413
62,Mark Hamill,2253015593,13,173308892
63,Morgan Freeman,2247064765,43,52257320
64,Danai Gurira,2237248048,4,559312012
65,Will Ferrell,2222911336,35,63511752
66,Tim Allen,2195729389,20,109786469
67,Daisy Ridley,2188664563,7,312666366
68,Ryan Reynolds,2153504364,40,53837609
69,John Boyega,2149738038,14,153552717
70,Christian Bale,2148766565,34,63199017
71,Sylvester Stallone,2146426556,51,42086795
72,Natalie Portman,2094991017,31,67580355
73,Mike Myers,2074638897,14,148188493
74,George Clooney,2066805818,34,60788406
75,Meryl Streep,2051507994,50,41030160
76,Keanu Reeves,2003729317,47,42632539
77,Jack Black,1998368273,26,76860318
78,Paul Rudd,1996085508,28,71288768
79,Pom Klementieff,1930022716,4,482505679
80,Shia LaBeouf,1923757575,26,73990676
81,Idris Elba,1878250818,28,67080386
82,Josh Gad,1875782110,16,117236382
83,Channing Tatum,1854728900,29,63956169
84,Kevin Costner,1840837211,40,46020930
85,Clint Eastwood,1819074512,48,37897386
86,Seth Rogen,1800141918,24,75005913
87,Michael Douglas,1794977942,35,51285084
88,Lupita Nyong'o,1775281825,8,221910228
89,Benedict Wong,1774213811,5,354842762
90,Arnold Schwarzenegger,1745985584,34,51352517
91,Reese Witherspoon,1721944337,36,47831787
92,Dustin Hoffman,1697122428,32,53035076
93,Steve Martin,1693798558,36,47049960
94,Carrie Fisher,1682672124,7,240381732
95,Anthony Hopkins,1674661642,38,44070043
96,Kristen Stewart,1674088712,28,59788883
97,Bill Murray,1658398345,35,47382810
98,Orlando Bloom,1645754851,20,82287743
99,Tommy Lee Jones,1642726957,27,60841739
100,Ralph Fiennes,1636560787,26,62944646
101,Michelle Pfeiffer,1631706659,35,46620190
102,Matthew McConaughey,1620415578,30,54013853
103,Chris Pine,1617089987,19,85109999
104,Martin Freeman,1616571485,12,134714290
105,Nicole Kidman,1592530568,53,30047747
106,Jon Favreau,1591708375,6,265284729
107,Jude Law,1551131272,33,47003978
108,Keegan-Michael Key,1548960875,14,110640063
109,Anne Hathaway,1543811564,29,53234882
110,Woody Harrelson,1543312963,40,38582824
111,Simon Pegg,1542403347,25,61696134
112,Taylor Lautner,1541289602,10,154128960
113,Brie Larson,1521717964,11,138337997
114,Oscar Isaac,1518811135,24,63283797
115,Robert Pattinson,1515458600,22,68884482
116,Keira Knightley,1512813235,26,58185124
117,Tobey Maguire,1508685905,11,137153264
118,Anthony Mackie,1501543308,21,71502062
119,Robert Redford,1490323472,32,46572609
120,Angelina Jolie,1475042568,23,64132286
121,Daniel Craig,1464259635,17,86132920
122,Jason Statham,1457219982,38,38347894
123,Cate Blanchett,1449165148,27,53672783
124,Kevin James,1445010325,16,90313145
125,Paul Walker,1443562627,16,90222664
126,Al Pacino,1438613766,44,32695767
127,John Goodman,1434403112,22,65200141
128,Kurt Russell,1428601489,37,38610851
129,Jamie Foxx,1427887397,28,50995978
130,Jack Nicholson,1422358521,30,47411951
131,Russell Crowe,1411240126,38,37137898
132,Dennis Quaid,1399509229,49,28561413
133,Chris Rock,1387534089,20,69376704
134,Richard Gere,1379666305,45,30659251
135,Andy Serkis,1368611759,9,152067973
136,Kristen Bell,1364628228,19,71822538
137,Angela Bassett,1360686948,14,97191925
138,Jennifer Aniston,1356297754,31,43751540
139,Amy Adams,1347401928,20,67370096
140,Viggo Mortensen,1346416991,24,56100708
141,Charlize Theron,1300099580,31,41938696
142,Jonah Hill,1295692670,18,71982926
143,James McAvoy,1264289268,21,60204251
144,Evangeline Lilly,1255633266,7,179376181
145,Jeff Bridges,1245981012,26,47922347
146,Ben Kingsley,1240193167,21,59056817
147,Alan Tudyk,1237719311,9,137524368
148,Danny DeVito,1235675801,24,51486492
149,Gerard Butler,1230255643,30,41008521
150,Geoffrey Rush,1226520583,16,76657536
151,Jackie Chan,1205170559,36,33476960
152,Henry Cavill,1203301820,10,120330182
153,Michelle Rodriguez,1200855510,16,75053469
154,Michael Keaton,1195042026,18,66391224
155,Emma Thompson,1178613529,19,62032291
156,Colin Farrell,1174972657,32,36717896
157,Paul Newman,1174478569,32,36702455
158,Patrick Stewart,1171130148,17,68890009
159,Vince Vaughn,1169374445,25,46774978
160,Sam Worthington,1168724907,22,53123859
161,Ben Mendelsohn,1164903453,11,105900314
162,Kristen Wiig,1163944253,19,61260224
163,Kevin Kline,1160381799,21,55256276
164,Emily Blunt,1157923481,26,44535519
165,Kate Winslet,1147497853,29,39568891
166,Anthony Daniels,1135383924,3,378461308
167,Michael B. Jordan,1130805246,18,62822514
168,Rachel McAdams,1125578277,21,53598966
169,Pierce Brosnan,1122777179,31,36218619
170,Zach Galifianakis,1116604116,15,74440274
171,Forest Whitaker,1107010371,28,39536085
172,Matthew Broderick,1105467458,19,58182498
173,Billy Crystal,1094691756,15,72979450
174,Zendaya,1089790287,7,155684327
175,Martin Lawrence,1089313552,15,72620903
176,Jason Bateman,1087850058,18,60436114
177,Emma Stone,1085531350,16,67845709
178,Beyoncé Knowles,1074336242,8,134292030
179,Zac Efron,1072255739,24,44677322
180,Ice Cube,1069091042,25,42763642
181,Queen Latifah,1068352114,17,62844242
182,Drew Barrymore,1065438493,31,34368984
183,Michael J. Fox,1059517812,21,50453229
184,Michael Peña,1058814915,20,52940746
185,Gal Gadot,1048362055,9,116484673
186,David Spade,1045458496,15,69697233
187,Antonio Banderas,1044742364,28,37312227
188,Jennifer Lopez,1041082942,27,38558627
189,Justin Long,1039776298,23,45207665
190,Jada Pinkett Smith,1039071046,10,103907105
191,Elijah Wood,1038941650,22,47224620
192,Jake Gyllenhaal,1037793083,30,34593103
193,Colin Firth,1036683735,34,30490698
194,John Cusack,1023461223,59,17346800
195,John Leguizamo,1010846401,22,45947564
196,Bette Midler,1009784131,26,38837851
197,Michael Caine,1008884046,33,30572244
198,Demi Moore,993932853,27,36812328
199,Karl Urban,990065516,11,90005956
200,Melissa McCarthy,988967475,16,61810467
201,Meg Ryan,981956678,27,36368766
202,Holly Hunter,980166187,9,108907354
203,Benicio del Toro,974749122,17,57338184
204,Alec Baldwin,970033941,27,35927183
205,Tyler Perry,968233002,19,50959632
206,Daniel Kaluuya,967586452,5,193517290
207,Will Arnett,965432689,12,80452724
208,Bill Hader,965202832,11,87745712
209,Tom Hardy,952852359,17,56050139
210,Sacha Baron Cohen,951357746,10,95135775
211,Rachel Weisz,946785749,24,39449406
212,Catherine Zeta-Jones,943350739,19,49650039
213,John C. Reilly,928570322,19,48872122
214,Helena Bonham Carter,924571944,29,31881791
215,Jodie Foster,922319212,24,38429967
216,Michael Fassbender,918058400,25,36722336
217,Glenn Close,915791898,25,36631676
218,Ed Helms,905565649,18,50309203
219,Laurence Fishburne,901229508,21,42915691
220,Susan Sarandon,899595251,50,17991905
221,Willem Dafoe,891218052,33,27006608
222,Craig T. Nelson,890279836,3,296759945
223,Margot Robbie,889715328,17,52336196
224,Ellen DeGeneres,879630002,3,293210001
225,Idina Menzel,878326587,2,439163294
226,Elizabeth Banks,875595181,21,41695009
227,Chiwetel Ejiofor,873977699,15,58265180
228,Wesley Snipes,871188076,30,29039603
229,Diane Keaton,870644895,36,24184580
230,Kate Beckinsale,870575707,23,37851118
231,Sarah Vowell,870022836,2,435011418
232,Tilda Swinton,867293752,22,39422443
233,Denis Leary,863092234,9,95899137
234,Terry Notary,859875347,2,429937674
235,Salma Hayek,856365598,24,35681900
236,Ray Romano,851225386,9,94580598
237,Amanda Seyfried,850549816,23,36980427
238,Jessica Alba,850539415,18,47252190
239,Hayden Christensen,849664948,13,65358842
240,Megan Fox,837487462,14,59820533
241,James Franco,835560748,42,19894304
242,Annette Bening,835155342,24,34798139
243,Dan Aykroyd,827295315,14,59092523
244,Nick Jonas,817499945,8,102187493
245,Danny Glover,812535217,22,36933419
246,Aaron Taylor-Johnson,810600479,11,73690953
247,Sigourney Weaver,808597431,37,21853985
248,Richard Dreyfuss,806370938,14,57597924
249,Jesse Eisenberg,805385820,22,36608446
250,Sean Connery,804434786,15,53628986
251,Alan Rickman,802760922,9,89195658
252,Albert Brooks,797369546,6,132894924
253,Nick Nolte,796047648,24,33168652
254,Anna Kendrick,793626703,23,34505509
255,Jamie Lee Curtis,792582505,13,60967885
256,Mads Mikkelsen,791761756,14,56554411
257,Bryce Dallas Howard,785980541,8,98247568
258,Regina Hall,781175516,19,41114501
259,Taron Egerton,774359512,10,77435951
260,Joseph Gordon-Levitt,771335202,21,36730248
261,Viola Davis,770693218,13,59284094
262,Goldie Hawn,767977695,21,36570366
263,Halle Berry,767195279,18,42621960
264,John Cho,766569483,9,85174387
265,Barbra Streisand,763506856,10,76350686
266,Anna Faris,763268144,15,50884543
267,Ryan Gosling,762999371,21,36333303
268,Donald Glover,760897224,4,190224306
269,Brendan Fraser,756493273,17,44499604
270,Renée Zellweger,754862831,22,34311947
271,Jay Baruchel,753215416,15,50214361
272,Steve Buscemi,752021505,19,39580079
273,Jordana Brewster,751545691,8,93943211
274,Cedric the Entertainer,749580572,14,53541469
275,Javier Bardem,748074945,21,35622616
276,Riz Ahmed,746767851,11,67887986
277,Seann William Scott,740987827,17,43587519
278,Michelle Williams,736710504,20,36835525
279,Andy Samberg,735450592,12,61287549
280,Kelly Marie Tran,733473229,3,244491076
281,Heath Ledger,729874409,8,91234301
282,Joonas Suotamo,728970054,2,364485027
283,Edward Norton,723980192,16,45248762
284,Luke Evans,723382619,13,55644817
285,Andy Garcia,722198425,22,32827201
286,Julie Walters,721029985,11,65548180
287,Kevin Spacey,711950397,19,37471074
288,Ashton Kutcher,708648782,13,54511445
289,Tyrese Gibson,707721318,12,58976777
290,Jason Momoa,702528588,11,63866235
291,Jeff Goldblum,701621284,15,46774752
292,Mindy Kaling,701593144,4,175398286
293,Domhnall Gleeson,699982160,6,116663693
294,Maggie Smith,693446694,18,38524816
295,Julianne Moore,689621776,40,17240544
296,Diane Lane,683910060,26,26304233
297,T.J. Miller,683349686,7,97621384
298,Jennifer Garner,681468309,16,42591769
299,Jason Sudeikis,678272626,19,35698559
300,Charlie Sheen,674976582,28,24106307
301,Eric Andre,674366903,5,134873381
302,Jesse McCartney,674055602,6,112342600
303,Chevy Chase,673330283,25,26933211
304,Jon Hamm,672730668,15,44848711
305,Jeremy Irons,672134007,15,44808934
306,Hailee Steinfeld,671459154,13,51650704
307,Bill Nighy,669513547,17,39383150
308,Rebel Wilson,666841674,11,60621970
309,Penélope Cruz,664737591,22,30215345
310,Joaquin Phoenix,663270648,17,39015920
311,Rowan Atkinson,658952976,9,73216997
312,Zachary Quinto,657472892,9,73052544
313,Steve Guttenberg,657343950,20,32867198
314,Marisa Tomei,656243205,14,46874515
315,Matthew Gray Gubler,655956517,7,93708074
316,Keri Russell,655480427,7,93640061
317,James Spader,654607089,10,65460709
318,Donnie Yen,652584958,20,32629248
319,William Shatner,649598865,12,54133239
320,Jane Fonda,648033213,21,30858724
321,Chloë Grace Moretz,646244242,25,25849770
322,Djimon Hounsou,646107289,11,58737026
323,Mickey Rourke,645826191,30,21527540
324,John Candy,645464572,18,35859143
325,James Earl Jones,645278812,4,161319703
326,Guy Pearce,644896648,28,23032023
327,Selena Gomez,643322376,12,53610198
328,Ezra Miller,642758221,10,64275822
329,Gene Hackman,642743505,18,35707973
330,Gugu Mbatha-Raw,639251216,11,58113747
331,Teri Polo,639056416,8,79882052
332,Hugh Grant,637485620,14,45534687
333,Dan Stevens,636228999,15,42415267
334,Elizabeth Debicki,635741567,7,90820224
335,Felicity Jones,634120475,14,45294320
336,Gwendoline Christie,630944902,2,315472451
337,Rose Byrne,624517112,16,39032320
338,Helen Mirren,621802849,27,23029735
339,Eva Green,619505938,16,38719121
340,Whoopi Goldberg,618153791,26,23775146
341,Katherine Heigl,615369331,18,34187185
342,Alfre Woodard,615219061,8,76902383
343,Mila Kunis,614021862,14,43858704
344,Seth MacFarlane,613192135,5,122638427
345,Stanley Tucci,613088958,14,43792068
346,Octavia Spencer,609342361,16,38083898
347,Huck Milner,608581744,1,608581744
348,Julie Andrews,607579874,15,40505325
349,Patrick Wilson,605758307,20,30287915
350,Dana Carvey,603608685,7,86229812
351,Blythe Danner,601892868,7,85984695
352,Diego Luna,601039642,7,85862806
353,John Malkovich,599599897,30,19986663
354,John Cena,599505256,16,37469079
355,Eddie Redmayne,597678345,11,54334395
356,Isla Fisher,596840120,15,39789341
357,Amy Poehler,595771433,11,54161039
358,Christopher Walken,595101097,24,24795879
359,David Schwimmer,594262388,5,118852478
360,Ray Winstone,593724447,8,74215556
361,Macaulay Culkin,593002942,5,118600588
362,Gemma Chan,591700103,2,295850052
363,John Oliver,588854836,2,294427418
364,Rami Malek,586752895,8,73344112
365,Nathan Lane,584323457,7,83474780
366,Hannibal Buress,582009905,5,116401981
367,Dolph Lundgren,581493970,21,27690189
368,Maya Rudolph,579970503,17,34115912
369,Charlie Day,575487281,9,63943031
370,Jet Li,573626008,14,40973286
371,Awkwafina,571130543,12,47594212
372,Kirsten Dunst,570447087,26,21940273
373,Taraji P. Henson,570418727,14,40744195
374,Tiffany Haddish,568870108,13,43759239
375,Christoph Waltz,568788968,11,51708088
376,Patrick Swayze,568291253,21,27061488
377,Val Kilmer,566629345,20,28331467
378,Jay Hernandez,559370732,7,79910105
379,James Caviezel,558843192,12,46570266
380,Lake Bell,557975845,10,55797585
381,Ethan Hawke,556245771,42,13243947
382,Robbie Coltrane,555739723,4,138934931
383,Rebecca Ferguson,552901068,7,78985867
384,Joe Pesci,552337618,6,92056270
385,Brittany Snow,552082794,17,32475458
386,Sienna Miller,551703328,13,42438718
387,Andrew Garfield,548866808,12,45738901
388,Chris Tucker,548553983,4,137138496
389,Karen Allen,547805009,6,91300835
390,Burt Reynolds,546570962,16,34160685
391,Billy Eichner,543638043,3,181212681
392,JD McCrary,543638043,1,543638043
393,Shahadi Wright Joseph,543638043,1,543638043
394,John Kani,543638043,2,271819022
395,Florence Kasumba,543638043,1,543638043
396,Patrick Gallagher,541853610,3,180617870
397,Mizuo Peck,541853610,3,180617870
398,Bill Skarsgård,541270110,9,60141123
399,Jai Courtney,538736605,7,76962372
400,Jenny Slate,538030332,12,44835861
401,Georgie Henley,537726267,5,107545253
402,Skandar Keynes,537719397,3,179239799
403,Ellie Kemper,537596048,2,268798024
404,Sarah Jessica Parker,537449781,11,48859071
405,Dakota Johnson,533889546,17,31405267
406,Eric Stonestreet,533261409,3,177753803
407,Shailene Woodley,532102690,14,38007335
408,Michael Shannon,529254460,24,22052269
409,Kenneth Branagh,527613837,12,43967820
410,Jordan Peele,527309139,3,175769713
411,Jared Leto,523075990,10,52307599
412,Daniel Stern,522787706,6,87131284
413,Terrence Howard,518043088,16,32377693
414,William Hurt,517372871,25,20694915
415,Jimmy Vee,515202542,1,515202542
416,Michelle Monaghan,514331851,16,32145741
417,Téa Leoni,513601034,7,73371576
418,Daniel Day-Lewis,511773871,15,34118258
419,Sarah Michelle Gellar,511736671,10,51173667
420,Michael Ealy,511191926,12,42599327
421,Christopher Mintz-Plasse,510969566,8,63871196
422,Emilio Estevez,507945934,21,24187902
423,James Corden,506029852,10,50602985
424,Audra McDonald,504014165,2,252007083
425,Josh Hartnett,503519145,19,26501008
426,Josh Hutcherson,503109344,11,45737213
427,William H. Macy,500344570,15,33356305
428,Tracy Morgan,499738760,14,35695626
429,Eric Bana,497692442,16,31105778
430,Judi Dench,496629187,20,24831459
431,Haley Joel Osment,495604424,11,45054948
432,Adewale Akinnuoye-Agbaje,492792459,4,123198115
433,Abigail Breslin,492164301,16,30760269
434,Anjelica Huston,489040764,13,37618520
435,Joel Kinnaman,488150073,11,44377279
436,Tessa Thompson,487569355,10,48756936
437,Elliot Page,486998780,16,30437424
438,Aaron Eckhart,483257969,22,21966271
439,Katherine Waterston,482149132,10,48214913
440,Steven Seagal,481885755,23,20951555
441,Tom McGrath,479917273,3,159972424
442,Neve Campbell,475316868,10,47531687
443,Jake Lloyd,474544677,1,474544677
444,Ginnifer Goodwin,474268390,3,158089463
445,Heather Graham,473772154,21,22560579
446,Chris ‘Ludacris’ Bridges,471060033,5,94212007
447,Tom Wilkinson,470249702,12,39187475
448,Jeff Daniels,469196321,13,36092025
449,Richard Harris,468646791,9,52071866
450,Dylan O’Brien,468129837,10,46812984
451,Sally Field,466966671,8,58370834
452,Anton Yelchin,463550370,16,28971898
453,Stellan Skarsgård,461856160,19,24308219
454,Christina Hendricks,459533919,7,65647703
455,Jason Lee,459436683,11,41766971
456,Naomi Scott,458724972,4,114681243
457,Alyson Hannigan,456559234,7,65222748
458,Carla Gugino,456150769,11,41468252
459,Sharon Stone,454512774,24,18938032
460,Winona Ryder,453936905,19,23891416
461,AnnaSophia Robb,453888662,9,50432074
462,Henry Thomas,450832366,7,64404624
463,Annie Potts,449538008,3,149846003
464,Lea Seydoux,449365378,15,29957692
465,Linda Cardellini,449302450,8,56162806
466,Robert Guillaume,448251203,2,224125602
467,Frances McDormand,445742432,10,44574243
468,Dan Whitney,443664387,4,110916097
469,Kathleen Turner,442004457,21,21047831
470,Dan Fogler,441556297,9,49061811
471,Bill Pullman,441526722,19,23238249
472,Lily James,441378423,9,49042047
473,Craig Ferguson,441010140,5,88202028
474,Eugene Levy,440751315,10,44075132
475,Rick Moranis,440212608,6,73368768
476,Bonnie Hunt,439677004,3,146559001
477,"Cuba Gooding, Jr.",438509664,19,23079456
478,Leslie Mann,438243169,10,43824317
479,Shannon Elizabeth,438114442,10,43811444
480,Sam Rockwell,436933109,24,18205546
481,Clive Owen,435177828,23,18920775
482,Kevin Bacon,435006907,19,22895100
483,Tony Hale,434746962,3,144915654
484,Sarah Silverman,434542765,8,54317846
485,William Moseley,433332447,4,108333112
486,Anna Popplewell,433332447,3,144444149
487,Ving Rhames,429900516,9,47766724
488,Joel Edgerton,429815027,19,22621844
489,Milla Jovovich,427887522,21,20375596
490,Lee Pace,426844525,5,85368905
491,Clark Gregg,426829839,3,142276613
492,Lashana Lynch,426829839,1,426829839
493,George Lopez,426715952,12,35559663
494,Marlon Wayans,425871250,9,47319028
495,Ashley Judd,423264573,11,38478598
496,Edward Burns,423013168,13,32539474
497,Ernie Sabella,421785283,1,421785283
498,Jonathan Taylor Thomas,421785283,1,421785283
499,Byung-hun Lee,420487704,7,60069672
500,Lewis Black,419117564,4,104779391
501,Ana de Armas,418646022,9,46516225
502,Naomie Harris,418245167,9,46471685
503,Rob Schneider,417914443,13,32147265
504,Justin Timberlake,417718862,11,37974442
505,Chris O'Donnell,416027352,7,59432479
506,Lindsay Lohan,415909626,15,27727308
507,Zach Braff,415237988,8,51904749
508,Alison Brie,414539956,12,34544996
509,Vera Farmiga,414310024,17,24371178
510,Christina Ricci,414191085,22,18826868
511,Christopher Lloyd,413888331,13,31837564
512,Kate Hudson,413582088,16,25848881
513,Ian McShane,412088529,4,103022132
514,Mandy Moore,411537557,10,41153756
515,Jason Biggs,411251254,8,51406407
516,Sean Penn,411048089,17,24179299
517,Wanda Sykes,409270424,6,68211737
518,Jonathan Groff,408468514,4,102117129
519,Toni Collette,408107421,24,17004476
520,Thomas Ian Nicholas,408013108,7,58287587
521,Eddie Kaye Thomas,408010808,4,102002702
522,Gabrielle Union,407627377,15,27175158
523,Bernie Mac,406782645,6,67797108
524,Freida Pinto,405615387,11,36874126
525,Zachary Levi,405599015,9,45066557
526,Nick Kroll,401762554,9,44640284
527,Christopher Eccleston,401696296,4,100424074
528,Steve Coogan,401621347,20,20081067
529,Tori Kelly,401057905,2,200528953
530,Santino Fontana,400953009,2,200476505
531,Armie Hammer,400751722,18,22263985
532,Roy Scheider,400746052,3,133582017
533,Jaden Smith,399936550,4,99984138
534,Adam Beach,399616498,3,133205499
535,Jessica Chastain,399450053,24,16643752
536,Nathalie Emmanuel,398770710,2,199385355
537,Cara Delevingne,397579728,4,99394932
538,Danny McBride,396832479,12,33069373
539,Andy Richter,396566362,2,198283181
540,Yahya Abdul-Mateen II,396248377,3,132082792
541,Dakota Fanning,394942900,20,19747145
542,Emilia Clarke,394924293,8,49365537
543,Russell Brand,394499905,8,49312488
544,Cher,394004582,9,43778287
545,Tom Hulce,393759710,6,65626618
546,Alison Sudol,393593476,3,131197825
547,Jamie Dornan,391930559,11,35630051
548,Michael Rooker,391921468,2,195960734
549,Ike Barinholtz,391625513,5,78325103
550,Gary Oldman,391226525,21,18629835
551,David Koechner,391190920,11,35562811
552,Eiza González,389262208,9,43251356
553,Blake Lively,388238214,14,27731301
554,Michael Clarke Duncan,387366768,8,48420846
555,Giancarlo Esposito,386871006,7,55267287
556,Karan Soni,383370186,4,95842547
557,Rihanna,382849621,4,95712405
558,Barry Humphries,380529370,2,190264685
559,Ron Perlman,380145965,19,20007682
560,Naomi Watts,379479447,31,12241272
561,Rene Russo,378687232,11,34426112
562,Theo James,378057260,11,34368842
563,Louis C.K.,376242071,3,125414024
564,Sofia Boutella,374765848,7,53537978
565,Maria Bello,372681078,11,33880098
566,Hilary Swank,371870129,19,19572112
567,Tara Reid,371575842,14,26541132
568,Amber Heard,371499660,13,28576897
569,Minnie Driver,370149458,10,37014946
570,Brianna Hildebrand,369043582,4,92260896
571,Bobby Moynihan,368384330,2,184192165
572,Justin Bartha,366830605,6,61138434
573,Alan Arkin,366657266,13,28204405
574,Kumail Nanjiani,366441803,7,52348829
575,Noomi Rapace,366422229,19,19285380
576,Paul Giamatti,366201474,13,28169344
577,Patton Oswalt,365555235,8,45694404
578,Snoop Dogg,364020288,11,33092753
579,Neel Sethi,364001123,1,364001123
580,Garrett Hedlund,363988657,13,27999127
581,Uma Thurman,363421669,16,22713854
582,Jean-Claude Van Damme,362572042,31,11695872
583,Scott Eastwood,362546171,9,40282908
584,Conrad Vernon,361390524,3,120463508
585,Sanaa Lathan,361181487,8,45147686
586,Bryan Cranston,360174136,9,40019348
587,Ioan Gruffudd,359976318,6,59996053
588,Matthew Lillard,359510755,8,44938844
589,Will Poulter,357208931,4,89302233
590,Kristin Davis,357200610,4,89300153
591,Phyllis Smith,356461711,1,356461711
592,Marwan Kenzari,355559396,5,71111879
593,Mena Massoud,355559216,5,71111843
594,Navid Negahban,355559216,1,355559216
595,Hannah John-Kamen,354485241,4,88621310
596,John Krasinski,354375460,11,32215951
597,Anna Camp,354222748,6,59037125
598,Ester Dean,354194853,4,88548713
599,Alexis Knapp,354194853,5,70838971
600,Elle Fanning,353280180,24,14720008
601,Warren Beatty,351692510,8,43961564
602,Taylor Swift,351682924,3,117227641
603,Robert Duvall,350870304,18,19492795
604,Paula Patton,350773640,7,50110520
605,Saoirse Ronan,349606491,14,24971892
606,Roger Moore,349521732,28,12482919
607,Trey Parker,349436737,3,116478912
608,Greg Kinnear,349408696,19,18389931
609,DeForest Kelley,347355597,4,86838899
610,Leonard Nimoy,347355597,4,86838899
611,Cobie Smulders,347279037,7,49611291
612,Jim Parsons,347117349,7,49588193
613,Tom Berenger,345745534,16,21609096
614,Freddie Highmore,345432362,10,34543236
615,Jeremy Piven,345383343,9,38375927
616,Catherine O'Hara,345220203,4,86305051
617,Said Taghmaoui,344983536,4,86245884
618,Cheech Marin,343981514,7,49140216
619,Bob Hoskins,343164240,9,38129360
620,Florence Pugh,342132556,9,38014728
621,Patrick Dempsey,341072946,9,37896994
622,Ed Harris,341067340,24,14211139
623,Benjamin Bratt,340420084,4,85105021
624,Malin Akerman,339833308,13,26141024
625,Maggie Grace,338384304,11,30762209
626,Dev Patel,337034578,12,28086215
627,Christine Baranski,336875657,5,67375131
628,Alicia Vikander,336873271,14,24062377
629,James Garner,334051806,8,41756476
630,Thandiwe Newton,333786738,16,20861671
631,Jaeden Lieberher,333116978,4,83279245
632,Chris Sanders,332939952,2,166469976
633,Hank Azaria,331961290,6,55326882
634,Jake Johnson,331782390,9,36864710
635,Rosamund Pike,331032111,17,19472477
636,Lucy Alexis Liu,330470442,9,36718938
637,"Freddie Prinze, Jr.",329746199,8,41218275
638,Ralph Macchio,329724668,10,32972467
639,Steve McQueen,329712410,15,21980827
640,Rosie O'Donnell,328690274,3,109563425
641,Keke Palmer,328055902,9,36450656
642,Marion Cotillard,327645967,18,18202554
643,Chuck Norris,325710548,20,16285527
644,Zazie Beetz,325286584,5,65057317
645,Karen Fukuhara,325100054,1,325100054
646,Morena Baccarin,324609038,6,54101506
647,Leslie Uggams,324591735,1,324591735
648,Stefan Kapicic,324591735,1,324591735
649,Ken Jeong,323523231,9,35947026
650,Gina Rodriguez,323232545,16,20202034
651,Kate McKinnon,323196160,5,64639232
652,Tina Fey,321637232,8,40204654
653,Donald Sutherland,321567893,22,14616722
654,Courteney Cox,321001985,7,45857426
655,Emma Roberts,320762217,18,17820123
656,Mena Suvari,317368544,19,16703608
657,Shawn Wayans,317121001,4,79280250
658,Liv Tyler,317081459,8,39635182
659,Janeane Garofalo,315251740,8,39406468
660,Daryl Sabara,314638230,5,62927646
661,Dominic Cooper,314053815,8,39256727
662,Ben Whishaw,313717884,11,28519808
663,Dave Franco,313652002,8,39206500
664,Alexa Vega,313522932,9,34835881
665,Terry Crews,312931340,6,52155223
666,Jack Lemmon,312594139,19,16452323
667,Craig Robinson,311047542,15,20736503
668,Alexander Skarsgård,309923928,13,23840302
669,Paul Hogan,309699835,4,77424959
670,Jack Davenport,309420425,1,309420425
671,Gael Garcia Bernal,308850270,18,17158348
672,Clark Duke,308321750,5,61664350
673,Hilary Duff,308316877,9,34257431
674,Mary Elizabeth Winstead,307990953,11,27999178
675,Tom Sizemore,307740347,23,13380015
676,Jennifer Connelly,306961478,15,20464099
677,John Corbett,306941025,5,61388205
678,Natasha Lyonne,305895149,10,30589515
679,Amy Smart,304297515,14,21735537
680,Morris Chestnut,303867643,9,33763071
681,Chris Klein,303657889,5,60731578
682,Nia Vardalos,301155574,5,60231115
683,Kaya Scodelario,299180229,9,33242248
684,David Arquette,298169259,14,21297804
685,Jessica Tandy,297252264,5,59450453
686,Jessica Biel,296260546,15,19750703
687,Olivia Wilde,295626886,15,19708459
688,Robert Shaw,295450000,5,59090000
689,Diane Kruger,294464998,12,24538750
690,Edward Asner,293214154,5,58642831
691,Jordan Nagai,293004164,1,293004164
692,John Heard,291171815,25,11646873
693,Logan Lerman,290357572,11,26396143
694,Madonna,289318475,5,57863695
695,Bridget Moynahan,289211282,4,72302821
696,Benjamin Barnes,288210357,9,32023373
697,Eugenio Derbez,286493694,9,31832633
698,Tony Shalhoub,286414672,3,95471557
699,Vanessa Hudgens,286253001,14,20446643
700,Christina Applegate,286177596,6,47696266
701,Jenifer Lewis,286058370,2,143029185
702,Famke Janssen,285703209,11,25973019
703,Jacob Tremblay,285553601,7,40793372
704,Corey Stoll,285341055,7,40763008
705,Jared Harris,285156666,5,57031333
706,Sofia Vergara,285048019,9,31672002
707,Jack Reynor,283848111,9,31538679
708,Mary Steenburgen,281412651,9,31268072
709,James Marsden,281199847,19,14799992
710,Tom Kenny,279914277,5,55982855
711,Anthony Anderson,279590564,10,27959056
712,Constance Wu,279496519,5,55899304
713,Joey King,279030222,12,23252519
714,Jon Bernthal,278828978,7,39832711
715,John Belushi,278499097,5,55699819
716,Jack McBrayer,278192205,5,55638441
717,Geena Davis,277780267,6,46296711
718,Billy Bob Thornton,276616807,18,15367600
719,Loretta Devine,275903353,10,27590335
720,Lady Gaga,275699514,3,91899838
721,Kathy Bates,275683379,10,27568338
722,Alice Eve,275561769,9,30617974
723,Henry Golding,274419792,6,45736632
724,Ansel Elgort,274323368,9,30480374
725,Hugh Laurie,273475549,6,45579258
726,Lance Henriksen,272872915,11,24806629
727,William Fichtner,271920549,7,38845793
728,Walton Goggins,271082322,4,67770581
729,Adrien Brody,271038907,25,10841556
730,Wendi McLendon-Covey,270578457,7,38654065
731,Piper Perabo,268485951,7,38355136
732,Tim Robbins,268358634,18,14908813
733,Cloris Leachman,267916346,10,26791635
734,Mark Strong,266458254,12,22204855
735,Elsie Fisher,265053695,3,88351232
736,Jackie Earle Haley,263886511,6,43981085
737,Chris Miller,263525791,2,131762896
738,Whitney Houston,261498140,5,52299628
739,Spencer Fox,261441092,1,261441092
740,Christopher Reeve,260637905,6,43439651
741,Dane Cook,260619982,8,32577498
742,Ally Sheedy,260329170,13,20025321
743,Carmen Ejogo,258435044,3,86145015
744,Amanda Bynes,257783366,6,42963894
745,Christopher Plummer,257538101,24,10730754
746,Seth Green,256770274,9,28530030
747,Billy Connolly,256047927,5,51209585
748,Tobin Bell,255511641,9,28390182
749,Matt Dillon,255141761,26,9813145
750,F. Murray Abraham,253063494,6,42177249
751,Amanda Peet,252640017,7,36091431
752,Taye Diggs,251731561,12,20977630
753,Miranda Cosgrove,251513985,1,251513985
754,Dana Gaier,251513985,1,251513985
755,Nick Castle,251368170,2,125684085
756,James Jude Courtney,251368170,2,125684085
757,Zhang Ziyi,250652330,8,31331541
758,Cynthia Nixon,249860346,3,83286782
759,Rob Lowe,249227937,21,11867997
760,Kris Kristofferson,248920096,12,20743341
761,Auli'i Cravalho,248757044,3,82919015
762,Catherine Keener,248479643,11,22589058
763,Rooney Mara,248205199,14,17728943
764,Kim Cattrall,248027992,3,82675997
765,Finn Wolfhard,247615485,5,49523097
766,Meagan Good,247050660,9,27450073
767,Jane Lynch,246425654,3,82141885
768,Michael Cera,245995327,10,24599533
769,Kim Basinger,245835549,15,16389037
770,Nicola Peltz,245439076,3,81813025
771,John Ratzenberger,244900247,4,61225062
772,Jason Clarke,244379231,12,20364936
773,Mélanie Laurent,244289477,5,48857895
774,Joe Ranft,244082982,1,244082982
775,Guido Quaroni,244082982,1,244082982
776,George Carlin,244082982,2,122041491
777,Paul Dooley,244082982,1,244082982
778,Richard Petty,244082982,1,244082982
779,Michael Wallis,244082982,1,244082982
780,Katherine Helmond,244082982,1,244082982
781,Dennis Haysbert,243883563,4,60970891
782,Taylor Kitsch,243738999,7,34819857
783,Shirley MacLaine,242731423,12,20227619
784,Harold Ramis,242604185,1,242604185
785,Topher Grace,242515614,8,30314452
786,Thomas Brodie-Sangster,242158104,8,30269763
787,America Ferrera,241419214,5,48283843
788,Jon Heder,240884374,9,26764930
789,Bow Wow,240703964,8,30087996
790,Lance Reddick,240299080,4,60074770
791,Asa Butterfield,239780647,11,21798241
792,Andie MacDowell,239422613,14,17101615
793,Kelly Macdonald,239313424,5,47862685
794,Samantha Morton,238912490,5,47782498
795,Helen Hunt,237380893,9,26375655
796,Kevin McKidd,237282182,1,237282182
797,Michael Sheen,237027935,8,29628492
798,Ted Danson,237021239,4,59255310
799,Alden Ehrenreich,236871856,4,59217964
800,Jason Segel,235812510,9,26201390
801,Joe Manganiello,235385070,9,26153897
802,Lena Headey,235138066,13,18087544
803,J.B. Smoove,234917102,6,39152850
804,Phoebe Cates,234741273,5,46948255
805,James Caan,233334233,18,12963013
806,Tye Sheridan,233065101,16,14566569
807,Max von Sydow,232401277,6,38733546
808,Daveigh Chase,231763140,4,57940785
809,Audrey Tautou,230692880,11,20972080
810,Gene Wilder,229945263,8,28743158
811,Daryl Hannah,229905859,10,22990586
812,Ben Schwartz,229141870,9,25460208
813,Ray Fisher,229024295,1,229024295
814,Jerry O'Connell,228084069,11,20734915
815,Wayne Knight,227699042,2,113849521
816,Michael Nyqvist,227599935,5,45519987
817,Christopher Guest,227447551,7,32492507
818,Sean Harris,227245736,3,75748579
819,Mary Elizabeth Mastrantonio,226798482,3,75599494
820,Mckenna Grace,226422700,5,45284540
821,Dafne Keen,226277068,2,113138534
822,Walter Matthau,224669694,11,20424518
823,Simu Liu,224543292,1,224543292
824,Robby Benson,224333165,3,74777722
825,Elizabeth Perkins,223906359,2,111953180
826,Ben Burtt,223808164,1,223808164
827,Emily Mortimer,223383222,14,15955944
828,Juliette Binoche,222883739,25,8915350
829,Ryan Potter,222618610,2,111309305
830,Scott Adsit,222527828,1,222527828
831,Peter Dinklage,221882543,12,18490212
832,Casey Affleck,221605338,13,17046564
833,Daveed Diggs,221166583,3,73722194
834,Verne Troyer,220807396,3,73602465
835,Alex Pettyfer,220785039,11,20071367
836,Kathryn Hahn,220213686,7,31459098
837,Andrew McCarthy,219926029,13,16917387
838,Omar Sharif,219777847,4,54944462
839,Charlie Hunnam,219493355,12,18291113
840,Lisa Jakob,219195051,1,219195051
841,Lily Tomlin,218792657,7,31256094
842,Anil Kapoor,218782576,7,31254654
843,Raul Julia,218366156,4,54591539
844,Luke Wilson,218360906,20,10918045
845,Josh Holloway,218286258,3,72762086
846,Nicholas Hoult,218060638,14,15575760
847,Sam Neill,217787201,15,14519147
848,Julie Christie,217749512,6,36291585
849,Jonathan Freeman,217350219,1,217350219
850,Brad Kane,217350219,1,217350219
851,Linda Larkin,217350219,1,217350219
852,Lea Salonga,217350219,1,217350219
853,Scott Weinger,217350219,1,217350219
854,Elise Vargas,217040949,2,108520475
855,Zoey Vargas,217040949,2,108520475
856,Ryan O'Neal,216678402,5,43335680
857,Dave Goelz,216461815,3,72153938
858,Matt Bomer,216202525,8,27025316
859,Hugh Bonneville,215777076,6,35962846
860,Rob Corddry,214176171,12,17848014
861,Brian Tyree Henry,213981033,4,53495258
862,Phoebe Waller-Bridge,213767512,1,213767512
863,Jonathan Winters,213639768,3,71213256
864,Katy Perry,213631942,2,106815971
865,Juliette Lewis,213185916,12,17765493
866,Katharine Hepburn,212030456,10,21203046
867,Rebecca De Mornay,211666736,8,26458342
868,Chris O'Dowd,211629455,9,23514384
869,Clark Gable,210720470,5,42144094
870,Anthony Gonzalez,210460015,3,70153338
871,Ed O'Neill,209836066,2,104918033
872,Vladimir Mashkov,209518919,3,69839640
873,Adrianne Palicki,209484132,5,41896826
874,Cole Sprouse,209209016,3,69736339
875,"O'Shea Jackson, Jr.",209166540,4,52291635
876,Lakeith Lee Stanfield,209151903,6,34858651
877,Shameik Moore,208535559,4,52133890
878,Chris Cooper,208446174,8,26055772
879,Miley Cyrus,207854354,5,41570871
880,Charles Grodin,207715144,6,34619191
881,Mark Rylance,207238149,10,20723815
882,Julia Winter,206459076,1,206459076
883,Jordon Fry,206459076,1,206459076
884,Philip Wiegratz,206459076,1,206459076
885,Ray Liotta,206455474,22,9384340
886,Lou Romano,206445654,1,206445654
887,Ian Holm,206445654,2,103222827
888,Jaimie Alexander,206402405,4,51600601
889,Paige O'Hara,206333165,1,206333165
890,Kristin Scott Thomas,206230244,16,12889390
891,Pat Morita,205919537,3,68639846
892,David Harbour,205579330,6,34263222
893,Brent Spiner,205469955,3,68489985
894,Jim Sturgess,205296900,15,13686460
895,Gemma Arterton,205288670,20,10264434
896,Amy Schumer,204860479,4,51215120
897,Jason Schwartzman,203990734,15,13599382
898,Jeremy Irvine,203913836,6,33985639
899,Tony Goldwyn,203844034,2,101922017
900,Josh Duhamel,203838727,18,11324374
901,Miles Teller,203767330,14,14554809
902,Johnny Knoxville,203511287,11,18501026
903,Jon Voight,203357001,11,18487000
904,Brandon Routh,203139079,7,29019868
905,Olivia Cooke,202514737,10,20251474
906,Mel Brooks,202465190,3,67488397
907,Oded Fehr,202007640,3,67335880
908,Arnold Vosloo,202007640,2,101003820
909,Jonathan Pryce,201804792,10,20180479
910,Rupert Everett,201519758,8,25189970
911,Janelle Monáe,200521048,4,50130262
912,Carrie Anne Moss,199875267,6,33312545
913,Jean Reno,199586809,12,16632234
914,Denholm Elliott,199451954,2,99725977
915,Stephanie Beatriz,199366687,5,39873337
916,Lena Waithe,199245317,2,99622659
917,Joseph Fiennes,198761110,6,33126852
918,Vivien Leigh,198680470,2,99340235
919,Romany Malco,198641077,5,39728215
920,John Rhys-Davies,198407900,8,24800988
921,Chow Yun-Fat,197629606,8,24703701
922,Neil Patrick Harris,197575563,5,39515113
923,Alison Doody,197171806,1,197171806
924,Michael Byrne,197171806,1,197171806
925,Kiefer Sutherland,196715674,15,13114378
926,Leslie Jones,195325029,3,65108343
927,Eve,194882105,3,64960702
928,Ali Larter,193939229,7,27705604
929,Zach Galligan,193138010,3,64379337
930,Alessandro Nivola,192838706,6,32139784
931,Katie Featherston,192671717,2,96335859
932,Micah Sloat,192671717,2,96335859
933,Alan Ritchson,192391180,5,38478236
934,Melanie Griffith,192072997,12,16006083
935,James Doohan,191971588,2,95985794
936,Nichelle Nichols,191971588,2,95985794
937,Walter Koenig,191971588,2,95985794
938,George Takei,191971588,2,95985794
939,Vanessa Williams,191915269,5,38383054
940,Elisabeth Shue,191594226,9,21288247
941,Joshua Leonard,191421319,7,27345903
942,Hector Elizondo,191285886,4,47821472
943,Noel Fisher,191204754,1,191204754
944,Pete Ploszek,191204754,1,191204754
945,Tohoru Masamune,191204754,1,191204754
946,Jeremy Howard,191204754,1,191204754
947,Corey Hawkins,191172952,2,95586476
948,Philip Seymour Hoffman,190433787,14,13602413
949,Jesse Plemons,190274305,6,31712384
950,Kimiko Glenn,190173195,2,95086598
951,John Mulaney,190173195,2,95086598
952,Fionn Whitehead,190068280,3,63356093
953,Melinda Dillon,189740688,2,94870344
954,Joe Lo Truglio,189647507,3,63215836
955,Jerry Ferrara,189419043,6,31569841
956,Zoë Kravitz,187379640,10,18737964
957,Fairuza Balk,186261112,4,46565278
958,Jane Levy,186237435,6,31039573
959,Common,185832745,12,15486062
960,Tom Selleck,184976010,4,46244003
961,Adriana Caselotti,184925486,1,184925486
962,Don Johnson,184754190,6,30792365
963,Annabelle Wallis,184630745,6,30771791
964,Ty Burrell,184258708,4,46064677
965,O.T. Fagbenle,183651655,1,183651655
966,Molly Ringwald,183181910,9,20353546
967,Dan Castellaneta,183135014,1,183135014
968,Molly Shannon,183054283,9,20339365
969,Rebecca Hall,182853002,14,13060929
970,Teri Garr,182098277,4,45524569
971,Steven Strait,182088439,5,36417688
972,Nia Long,181836963,10,18183696
973,Olivia Newton-John,181813770,1,181813770
974,James Woods,181518654,13,13962973
975,Trevor Morgan,181452525,3,60484175
976,Edgar Ramirez,181318504,10,18131850
977,Michael Jeter,181166115,1,181166115
978,Mia Wasikowska,180713330,15,12047555
979,Kelly McGillis,180548885,2,90274443
980,Bobby Cannavale,180325140,3,60108380
981,Columbus Short,180255959,7,25750851
982,Christopher Knights,180174880,1,180174880
983,Kate Capshaw,179880271,1,179880271
984,Jonathan Ke Quan,179880271,1,179880271
985,Demián Bichir,179506742,5,35901348
986,Alain Chabat,178384106,4,44596027
987,Jason Mitchell,178009380,5,35601876
988,Jamie Bell,177884337,15,11858956
989,Rachel Nichols,177854986,5,35570997
990,Matt Jones,177397510,3,59132503
991,Derek Luke,177361386,8,22170173
992,Charlton Heston,177100855,7,25300122
993,Hayley Atwell,176995416,3,58998472
994,Penelope Wilton,176374204,5,35274841
995,Peter Stormare,176144829,10,17614483
996,Allison Williams,175837935,4,43959484
997,Jennifer Jason Leigh,175799553,11,15981778
998,Timothée Chalamet,175611193,13,13508553
999,Til Schweiger,175319232,3,58439744
"1,000",Mike Epps,175118551,16,10944909
"1,001","Harry Connick, Jr.",174421625,5,34884325
"1,002",Vanessa Kirby,174117206,7,24873887
"1,003",Joe Pantoliano,173993387,4,43498347
"1,004",Matthew Goode,173827139,10,17382714
"1,005",Toby Kebbell,173583461,7,24797637
"1,006",Mark Dacascos,173358036,6,28893006
"1,007",Carey Mulligan,173293213,10,17329321
"1,008",Cee Lo Green,172710517,2,86355259
"1,009",Skyler Gisondo,172630809,7,24661544
"1,010",James Frain,172062763,1,172062763
"1,011",Bruce Boxleitner,172062763,2,86031382
"1,012",Lin-Manuel Miranda,171958438,4,42989610
"1,013",Sean Patrick Thomas,171111706,3,57037235
"1,014",Jason Mantzoukas,171021394,2,85510697
"1,015",Asia Kate Dillon,171016727,1,171016727
"1,016",Mahershala Ali,170918381,5,34183676
"1,017",Vivica Fox,170769594,17,10045270
"1,018",Omar Epps,170043072,13,13080236
"1,019",Sadie Sandler,169700110,1,169700110
"1,020",Sunny Sandler,169700110,1,169700110
"1,021",Asher Blinkoff,169700110,1,169700110
"1,022",Jonny Solomon,169700110,1,169700110
"1,023",Judy Greer,168840067,10,16884007
"1,024",Frankie Muniz,168643104,6,28107184
"1,025",Lucas Black,168406959,4,42101740
"1,026",Tom Welling,168125656,2,84062828
"1,027",David Ogden Stiers,168070538,4,42017635
"1,028",Barry Keoghan,167723790,3,55907930
"1,029",Ben Foster,167692667,15,11179511
"1,030",Mandy Patinkin,167526547,4,41881637
"1,031",Burt Lancaster,167272192,15,11151479
"1,032",Rosie Perez,167226521,7,23889503
"1,033",George MacKay,166803655,9,18533739
"1,034",Jennifer Love Hewitt,166334371,6,27722395
"1,035",Terrence J,166245413,3,55415138
"1,036",Jack Whitehall,165934872,3,55311624
"1,037",Kimberly Williams-Paisley,165904691,6,27650782
"1,038",Dylan Sprouse,165866278,3,55288759
"1,039",Anthony LaPaglia,165858527,9,18428725
"1,040",Aldis Hodge,165574605,2,82787303
"1,041",RZA,165565468,5,33113094
"1,042",Dave Foley,165458265,6,27576378
"1,043",Jackie Gleason,165408500,3,55136167
"1,044",Katherine Langford,165364060,2,82682030
"1,045",Jaeden Martell,165364060,2,82682030
"1,046",Don Lee,165188175,3,55062725
"1,047",Richard Madden,164920533,3,54973511
"1,048",Lauren Ridloff,164870264,1,164870264
"1,049",Lia McHugh,164870264,1,164870264
"1,050",James Belushi,164514534,7,23502076
"1,051",Rod Taylor,164403529,2,82201765
"1,052",Sharlto Copley,164253701,7,23464814
"1,053",Oprah Winfrey,164179090,3,54726363
"1,054",Jay Chou,163935678,6,27322613
"1,055",Dax Shepard,163723047,10,16372305
"1,056",Robert Englund,163504190,6,27250698
"1,057",Martha Plimpton,163484161,4,40871040
"1,058",Callum Turner,163441901,5,32688380
"1,059",Clancy Brown,163135983,5,32627197
"1,060",Bill Fagerbakke,162994032,1,162994032
"1,061",Carolyn Lawrence,162994032,1,162994032
"1,062",Rodger Bumpass,162994032,1,162994032
"1,063",Monica Potter,162779640,3,54259880
"1,064",Liam Hemsworth,161654488,9,17961610
"1,065",Saverio Guerra,161412000,1,161412000
"1,066","Neil Brown, Jr.",161197785,2,80598893
"1,067",Leslie Odom Jr.,160940323,6,26823387
"1,068",Josh Lucas,160171348,9,17796816
"1,069",Alan Cumming,160086147,6,26681025
"1,070",Faye Dunaway,159922924,9,17769214
"1,071",Julia Ormond,159571647,6,26595275
"1,072",Claudia Kim,159555901,1,159555901
"1,073",Teresa Palmer,159419792,12,13284983
"1,074",Dean-Charles Chapman,159227644,1,159227644
"1,075",Kate Bosworth,159154967,19,8376577
"1,076",Ed Skrein,158717732,5,31743546
"1,077",Jack O'Connell,158163289,11,14378481
"1,078",Nelly,158119460,1,158119460
"1,079",Kodi Smit-McPhee,157929498,8,19741187
"1,080",Jamie Kennedy,157361220,8,19670153
"1,081",Candice Bergen,157224570,7,22460653
"1,082",Cheri Oteri,157019771,4,39254943
"1,083",Eliza Scanlen,156376972,4,39094243
"1,084",Giovanni Ribisi,156372554,7,22338936
"1,085",Steve Whitmire,156109601,3,52036534
"1,086",Imelda Staunton,156073299,6,26012217
"1,087",Frank Grillo,155844517,23,6775849
"1,088",Bridget Fonda,155827422,7,22261060
"1,089",Dolly Parton,155424712,4,38856178
"1,090",Garry Shandling,155019340,1,155019340
"1,091",LeBron James,154783006,4,38695752
"1,092",Jeffrey Dean Morgan,154775258,10,15477526
"1,093",Gwen Stefani,153707064,1,153707064
"1,094",Elodie Yung,153676524,2,76838262
"1,095",Hugh Keays-Byrne,153636354,1,153636354
"1,096",Cliff Curtis,153094000,5,30618800
"1,097",Cristela Alonzo,152901115,1,152901115
"1,098",Ming-Na,152752084,2,76376042
"1,099",Rainn Wilson,152633490,8,19079186
"1,100",Izabela Vidovic,152581301,2,76290651
"1,101",Nick Frost,152578537,8,19072317
"1,102",Bono,152228530,3,50742843
"1,103",Ray Stevenson,152140144,5,30428029
"1,104",Christian Slater,151820442,18,8434469
"1,105",Hoyt Axton,151661913,1,151661913
"1,106",Polly Holliday,151661913,1,151661913
"1,107",Frances Lee McCain,151661913,1,151661913
"1,108",Ali MacGraw,151397186,3,50465729
"1,109",Kirstie Alley,150660221,2,75330111
"1,110",Nick Stahl,150472569,10,15047257
"1,111",Justice Smith,150218260,4,37554565
"1,112",Ray Park,150201498,1,150201498
"1,113",Kal Penn,149006162,8,18625770
"1,114",Claire Danes,148632021,7,21233146
"1,115",Odette Yustman,148420896,4,37105224
"1,116",Fran Drescher,148313048,2,74156524
"1,117",Isabela Moner,147848329,4,36962082
"1,118",Ashley Tisdale,147775615,5,29555123
"1,119",Beverly D'Angelo,147270465,4,36817616
"1,120",Jemaine Clement,147189529,6,24531588
"1,121",Dylan Minette,147023607,2,73511804
"1,122",David Duchovny,146887295,9,16320811
"1,123",Ali Wong,145713606,3,48571202
"1,124",Winston Chao,145609170,2,72804585
"1,125",Li Bingbing,145609170,3,48536390
"1,126",Ruby Rose,145590071,5,29118014
"1,127",Lizzy Caplan,145576462,6,24262744
"1,128",Ricky Gervais,145565496,5,29113099
"1,129",Rodrigo Santoro,145218250,4,36304563
"1,130",Aziz Ansari,144572606,2,72286303
"1,131",Denise Richards,144476616,11,13134238
"1,132",Thomas Jane,143986418,23,6260279
"1,133",Rosa Salazar,143870653,3,47956884
"1,134",will.i.am,143619809,1,143619809
"1,135",Martin Sheen,143473655,20,7173683
"1,136",Mos Def,143286605,3,47762202
"1,137",Stephen Lang,143163722,14,10225980
"1,138",D.B. Sweeney,142964443,5,28592889
"1,139",Lacey Chabert,142411498,18,7911750
"1,140",Randy Couture,142391068,7,20341581
"1,141",Jason Alexander,142168000,7,20309714
"1,142",Anika Noni Rose,142130597,2,71065299
"1,143",Asia Argento,142042668,7,20291810
"1,144",Bruce Reitherman,141843000,1,141843000
"1,145",Phil Harris,141843000,1,141843000
"1,146",Rosario Dawson,141745088,11,12885917
"1,147",Michael Madsen,141738898,17,8337582
"1,148",Kellan Lutz,141693800,10,14169380
"1,149",Verna Bloom,141600000,1,141600000
"1,150",Tim Matheson,141600000,2,70800000
"1,151",John Vernon,141600000,1,141600000
"1,152",Madhur Mittal,141330703,1,141330703
"1,153",Michael C. Williams,140539099,1,140539099
"1,154",Heather Donahue,140539099,1,140539099
"1,155",Sarah Paulson,140218711,3,46739570
"1,156",Charlotte Rampling,140096489,11,12736044
"1,157",Keith David,139932777,12,11661065
"1,158",Talia Shire,139908487,3,46636162
"1,159",John Hurt,139875877,11,12715989
"1,160",Ki Hong Lee,139729635,2,69864818
"1,161",Cillian Murphy,139091566,14,9935112
"1,162",Alex Kendrick,138057114,4,34514279
"1,163",Debra Winger,138017069,8,17252134
"1,164",Samuel E. Wright,137748063,1,137748063
"1,165",Win Morisaki,137690172,1,137690172
"1,166",Philip Zhao,137690172,1,137690172
"1,167",Jurnee Smollett,136133815,4,34033454
"1,168",Talitha Bateman,135838367,3,45279456
"1,169",Levi Miller,135566928,2,67783464
"1,170",John Lithgow,135556628,6,22592771
"1,171",Brian Tochi,135265915,1,135265915
"1,172",Lou Diamond Phillips,135177147,8,16897143
"1,173",Michelle Dockery,134600081,4,33650020
"1,174",Abbey Lee,134197468,4,33549367
"1,175",Ne-Yo,133428806,2,66714403
"1,176",Jessica Lange,133140924,8,16642616
"1,177",Ryan Phillippe,133066214,9,14785135
"1,178",Gabourey Sidibe,132477110,4,33119278
"1,179",Michael Chiklis,132292988,8,16536624
"1,180",Ed Oxenbould,132160254,3,44053418
"1,181",Ellen Barkin,132013875,6,22002313
"1,182",Breckin Meyer,131974916,7,18853559
"1,183",Noah Ringer,131772187,1,131772187
"1,184",Gabriel Byrne,131452327,9,14605814
"1,185",Brandon T. Jackson,131194847,3,43731616
"1,186",Pharrell Williams,130728860,1,130728860
"1,187",Halsey,130728860,2,65364430
"1,188",Amy O'Neill,130724172,1,130724172
"1,189",Robert Oliveri,130724172,1,130724172
"1,190",Thomas Brown,130724172,1,130724172
"1,191",Jared Rushton,130724172,1,130724172
"1,192",Sean Hayes,130427737,3,43475912
"1,193",Noah Schnapp,130178411,4,32544603
"1,194",Peter Cullen,130168683,1,130168683
"1,195",Kali Hawk,130069665,3,43356555
"1,196",Chris Messina,129244445,10,12924445
"1,197",Elizabeth McGovern,129227852,8,16153482
"1,198",Zooey Deschanel,129112361,6,21518727
"1,199",Frank Welker,129052996,5,25810599
"1,200",Franka Potente,128740567,3,42913522
"1,201",Kelsey Grammer,128389081,10,12838908
"1,202",Timothy Olyphant,128347893,6,21391316
"1,203",Isabel Lucas,128310800,4,32077700
"1,204",David Oyelowo,128289032,13,9868387
"1,205",Drew Carey,128200012,1,128200012
"1,206",Doug McKeon,127985432,2,63992716
"1,207",River Phoenix,127895414,4,31973854
"1,208",Max Thieriot,127757350,3,42585783
"1,209",Ludi Lin,127690481,2,63845241
"1,210",Pitbull,127668923,2,63834462
"1,211",Bob Balaban,127630319,4,31907580
"1,212",Carrie Coon,127606749,3,42535583
"1,213",Logan Kim,127468897,1,127468897
"1,214",Celeste O’ Conner,127468897,1,127468897
"1,215",Deon Richmond,127020627,2,63510314
"1,216",Kyle Chandler,127004179,1,127004179
"1,217",Randy Quaid,126765128,5,25353026
"1,218",Alexandra Daddario,126704934,12,10558745
"1,219",Jerry Seinfeld,126631277,1,126631277
"1,220",Cassi Davis,126602332,2,63301166
"1,221",Carmen Electra,126433901,3,42144634
"1,222",Kevin Connolly,126317057,2,63158529
"1,223",Sean Astin,126131700,17,7419512
"1,224",Virginia Madsen,125695591,11,11426872
"1,225",Stephen Merchant,125289407,6,20881568
"1,226",Odeya Rush,125159832,4,31289958
"1,227",Lizzo,125113839,2,62556920
"1,228",Ken Watanabe,125013660,6,20835610
"1,229",Suraj Sharma,124987022,2,62493511
"1,230",C. Thomas Howell,124878879,14,8919920
"1,231",Dick Van Dyke,124837779,6,20806297
"1,232",Ana de la Reguera,124737238,3,41579079
"1,233",Trevante Rhodes,124699352,3,41566451
"1,234",Henry Fonda,124606940,10,12460694
"1,235",Dakota Goyo,124003807,4,31000952
"1,236",Anne Heche,123517219,10,12351722
"1,237",Orlando Jones,123469089,6,20578182
"1,238",Jonny Lee Miller,123432045,7,17633149
"1,239",Kathryn Newton,123242685,4,30810671
"1,240",Miranda Otto,123214032,5,24642806
"1,241",Jon Lovitz,123129499,8,15391187
"1,242",Jean Dujardin,123117900,8,15389738
"1,243",Ron Howard,123100000,2,61550000
"1,244",Candy Clark,123100000,2,61550000
"1,245",Lucas Neff,123091781,2,61545891
"1,246",Jack Bright,123087120,1,123087120
"1,247",Raymond Ochoa,123087120,1,123087120
"1,248",Harvey Keitel,122746301,14,8767593
"1,249",Bruce Dern,122689139,12,10224095
"1,250",D.J. Cotrona,122523060,1,122523060
"1,251",Frances O’Connor,122127904,4,30531976
"1,252",LL Cool J,122065815,5,24413163
"1,253",Wolfman Jack,121342668,2,60671334
"1,254",Emile Hirsch,121308005,22,5514000
"1,255",Eva Mendes,121247778,8,15155972
"1,256",Andre Benjamin,121208441,5,24241688
"1,257",Eli Roth,120859509,3,40286503
"1,258",Steve Zahn,120728778,12,10060732
"1,259",Hugh Skinner,120670845,2,60335423
"1,260",Josh Dylan,120634935,1,120634935
"1,261",Jessica Keenan Wynn,120634935,1,120634935
"1,262",Alexa Davies,120634935,1,120634935
"1,263",Eric Idle,120583397,3,40194466
"1,264",Angela Lansbury,120582032,6,20097005
"1,265",Andrew Bryniarski,120089418,2,60044709
"1,266",Annabella Sciorra,120076381,6,20012730
"1,267",Kristen Schaal,119793567,2,59896784
"1,268",Ricardo Montalbán,119760631,2,59880316
"1,269",Tony Curtis,119733333,9,13303704
"1,270",Shelley Long,119596492,6,19932749
"1,271",Cleavon Little,119500000,2,59750000
"1,272",Dermot Mulroney,119361301,16,7460081
"1,273",Sally Hawkins,119104025,7,17014861
"1,274",Jamie Chung,118877024,9,13208558
"1,275",Kelly Preston,118394116,7,16913445
"1,276",Kenan Thompson,118159350,6,19693225
"1,277",Gary Sinise,117992721,3,39330907
"1,278",Kerry Washington,117523418,12,9793618
"1,279",Bonnie Aarons,117477707,2,58738854
"1,280",Robin Wright,117118827,8,14639853
"1,281",Robert Hoffman,117107354,4,29276839
"1,282",James Todd Smith,116877597,1,116877597
"1,283",Eminem,116724075,1,116724075
"1,284",Brendan Gleeson,116692442,11,10608404
"1,285",Damon Wayans,116537331,5,23307466
"1,286",Jillian Bell,116519094,8,14564887
"1,287",Robin Tunney,116097915,8,14512239
"1,288",Billy Crudup,115587165,10,11558717
"1,289",Corey Feldman,115578570,3,38526190
"1,290",Peter O'Toole,115495948,6,19249325
"1,291",Mackenzie Phillips,115000000,1,115000000
"1,292",Charles Martin Smith,115000000,1,115000000
"1,293",Cindy Williams,115000000,2,57500000
"1,294",Paul Le Mat,115000000,2,57500000
"1,295",Richard Pryor,114974571,4,28743643
"1,296",Missi Pyle,114567468,4,28641867
"1,297",Rick Yune,114561682,2,57280841
"1,298",Joel David Moore,114373173,5,22874635
"1,299",Christine Taylor,114326736,1,114326736
"1,300",Jamal Duff,114326736,1,114326736
"1,301",Stephen Root,114326736,2,57163368
"1,302",Christopher Williams,114326736,1,114326736
"1,303",Nathan Gamble,114311312,3,38103771
"1,304",Cozi Zuehlsdorff,114311312,2,57155656
"1,305",Mark Walton,114053579,1,114053579
"1,306",Susie Essman,114053579,1,114053579
"1,307",Dean Martin,113822483,6,18970414
"1,308",Leven Rambin,113612906,5,22722581
"1,309",Hugo Weaving,113570347,9,12618927
"1,310",Annie Mumolo,113257297,2,56628649
"1,311",Charles Dance,113123803,8,14140475
"1,312",Priyanka Chopra,112570415,10,11257042
"1,313",Carl Weathers,112539160,3,37513053
"1,314",Judge Reinhold,112399507,4,28099877
"1,315",Delroy Lindo,111806230,9,12422914
"1,316",Judd Nelson,111773646,14,7983832
"1,317",Julie Hagerty,111580055,6,18596676
"1,318",Christopher Daniel Barnes,111543479,1,111543479
"1,319",Max Charles,111506430,1,111506430
"1,320",Jackson Nicoll,111412557,2,55706279
"1,321",Koyuki Kato,111110575,1,111110575
"1,322",Dane DeHaan,111093369,8,13886671
"1,323",Danny Trejo,110858887,30,3695296
"1,324",Martin Short,110784964,8,13848121
"1,325",Millie Bobby Brown,110500138,3,36833379
"1,326",Carter Jenkins,110485654,3,36828551
"1,327",Eric Dane,110485654,3,36828551
"1,328",Bryce Robinson,110485654,1,110485654
"1,329",Kevin Sorbo,110316106,12,9193009
"1,330",Jason Patric,110240936,14,7874353
"1,331",Julianne Hough,109964115,4,27491029
"1,332",Leslie Nielsen,109777832,5,21955566
"1,333",Sterling K. Brown,109441580,6,18240263
"1,334",Allison Janney,109438401,10,10943840
"1,335",Bill Barretta,109332374,2,54666187
"1,336",Linda Kozlowski,109306210,1,109306210
"1,337",Faizon Love,109205660,4,27301415
"1,338",Hume Cronyn,109203145,3,36401048
"1,339",Josh Peck,108872801,6,18145467
"1,340",Jessica Simpson,108715082,3,36238361
"1,341",Elizabeth Hurley,108694170,6,18115695
"1,342",Nick Offerman,108615654,8,13576957
"1,343",Robert Hays,108463033,2,54231517
"1,344",John David Washington,108279546,6,18046591
"1,345",Laura Linney,108224366,9,12024930
"1,346",Bokeem Woodbine,107649754,3,35883251
"1,347",Steven Tyler,107518682,1,107518682
"1,348",David Dastmalchian,107498786,4,26874697
"1,349",Stephen McKinley Henderson,107496490,3,35832163
"1,350",Sharon Duncan-Brewster,107476785,1,107476785
"1,351",Chen Chang,107476785,1,107476785
"1,352",George C. Scott,107232185,6,17872031
"1,353",Julia Sawalha,106793915,1,106793915
"1,354",Dennis Hopper,106763285,9,11862587
"1,355",Sullivan Stapleton,106605972,3,35535324
"1,356",Hans Matheson,106580051,1,106580051
"1,357",Izabella Scorupco,106429941,1,106429941
"1,358",Olivia Munn,106203889,9,11800432
"1,359",Alexander Ludwig,106159089,7,15165584
"1,360",Franky G.,106126012,3,35375337
"1,361",Tom Everett Scott,105878697,7,15125528
"1,362",Dudley Moore,105777586,3,35259195
"1,363",Storm Reid,105693670,2,52846835
"1,364",Jennifer Coolidge,105618115,3,35206038
"1,365",Thomas Haden Church,105423321,7,15060474
"1,366",Julia Stiles,105084429,9,11676048
"1,367",Lili Reinhart,104968209,4,26242052
"1,368",Cardi B,104963598,1,104963598
"1,369",Madeline Brewer,104963598,7,14994800
"1,370",Mette Towley,104963598,1,104963598
"1,371",Trace Lysette,104963598,2,52481799
"1,372",Scott Speedman,104907580,10,10490758
"1,373",Hana Mae Lee,104897530,2,52448765
"1,374",Chrissie Fit,104897530,1,104897530
"1,375",Fred Armisen,104762853,4,26190713
"1,376",Alan Alda,104653641,5,20930728
"1,377",Brenton Thwaites,104541391,10,10454139
"1,378",Bruno Campos,104400899,1,104400899
"1,379",Lily Collins,104387329,14,7456238
"1,380",Britt Robertson,104110391,9,11567821
"1,381",Chloe Cserngey,104028807,1,104028807
"1,382",Jessica Tyler Brown,104028807,1,104028807
"1,383",William Forsythe,103742481,8,12967810
"1,384",R.G. Armstrong,103738726,1,103738726
"1,385",Anthony Michael Hall,103494766,9,11499418
"1,386",Cynthia Erivo,103323902,6,17220650
"1,387",Dabney Coleman,103290500,1,103290500
"1,388",Clea DuVall,103087732,6,17181289
"1,389",Steve Austin,103068524,1,103068524
"1,390",Lorraine Gary,102922376,1,102922376
"1,391",Murray Hamilton,102922376,1,102922376
"1,392",Jim Broadbent,102896382,12,8574699
"1,393",Anthony Quinn,102536779,10,10253678
"1,394",Priscilla Shirer,102490259,2,51245130
"1,395",Madison Wolfe,102470008,2,51235004
"1,396",Aml Ameen,102463494,4,25615874
"1,397",Rinko Kikuchi,102457695,3,34152565
"1,398",John Cleese,102197379,8,12774672
"1,399",Stephanie Sigman,102139612,3,34046537
"1,400",Zachary Gordon,101707197,3,33902399
"1,401",Anita Briem,101704370,1,101704370
"1,402",Embeth Davidtz,101647446,3,33882482
"1,403",Adam DeVine,101347019,4,25336755
"1,404",Jessica Rothe,101121976,7,14445997
"1,405",Margot Kidder,100954875,4,25238719
"1,406",Zach Woods,100938631,2,50469316
"1,407",Dom DeLuise,100753973,4,25188493
"1,408",Rufus Sewell,100644961,5,20128992
"1,409",Deric McCabe,100478608,1,100478608
"1,410",Peter Gallagher,100455403,6,16742567
"1,411",Cathy Moriarty,100328194,2,50164097
"1,412",Mary Wickes,100138851,1,100138851
"1,413",Charles Kimbrough,100138851,1,100138851
"1,414",Tony Jay,100138851,1,100138851
"1,415",Paul Kandel,100138851,1,100138851
"1,416",Alison Lohman,100060430,4,25015108
"1,417",Dianne Wiest,100047830,2,50023915
"1,418",Erika Rafuls,100047830,1,100047830
"1,419","Jason Robards, Jr.",100047830,2,50023915
"1,420",Zachary Lavoy,100047830,1,100047830
"1,421",Mary Stuart Masterson,98996779,7,14142397
"1,422",Dylan McDermott,98927592,4,24731898
"1,423",Quvenzhané Wallis,98707008,2,49353504
"1,424",Oakes Fegley,98544675,3,32848225
"1,425",Eric Christian Olsen,98349177,5,19669835
"1,426",Gerard Depardieu,98150772,18,5452821
"1,427",James Arnold Taylor,98124062,3,32708021
"1,428",Vincent D'Onofrio,98087788,7,14012541
"1,429",Mike Vogel,97832289,6,16305382
"1,430",Janet Jackson,97825550,2,48912775
"1,431",Jordan Fry,97822171,1,97822171
"1,432",Daniel Hansen,97822171,1,97822171
"1,433",Thomasin McKenzie,97821145,4,24455286
"1,434",Alicia Silverstone,97639889,12,8136657
"1,435",Gabriel Bateman,97592246,3,32530749
"1,436",Tom Skerritt,97464916,5,19492983
"1,437",Courtney B. Vance,97373137,3,32457712
"1,438",Doris Day,97021342,13,7463180
"1,439",Jim Carter,96878753,3,32292918
"1,440",Brian Dennehy,96861063,4,24215266
"1,441",Kirk Douglas,96807223,19,5095117
"1,442",Mira Sorvino,96647829,19,5086728
"1,443",Jennifer Hudson,96305690,6,16050948
"1,444",Matt McCoy,95761530,2,47880765
"1,445",Nicki Minaj,95687127,2,47843564
"1,446",Audrey Hepburn,95026492,5,19005298
"1,447",Randall Park,94894865,4,23723716
"1,448",Nadine Velazquez,94100617,3,31366872
"1,449",Jennifer Beals,94063574,3,31354525
"1,450",Sam Claflin,94036410,9,10448490
"1,451",Margaret Avery,94029472,1,94029472
"1,452",Julia Louis-Dreyfus,93976301,5,18795260
"1,453",Kate Mara,93837689,9,10426410
"1,454",Gaby Hoffmann,93825785,2,46912893
"1,455",Justin Theroux,93795222,7,13399317
"1,456",Peter Gerety,93772375,2,46886188
"1,457",Alex Wolff,93718173,11,8519834
"1,458",Laurence Olivier,93700000,5,18740000
"1,459",Larry Roberts,93600000,1,93600000
"1,460",Barbara Luddy,93600000,1,93600000
"1,461",Monica Calhoun,93573134,2,46786567
"1,462",Affion Crockett,93476638,5,18695328
"1,463",Manuel Garcia Rulfo,93432655,1,93432655
"1,464",Martin Sensmeier,93432655,2,46716328
"1,465",Alexander Pollock,93375151,1,93375151
"1,466",Connor Corum,92965537,2,46482769
"1,467",Frank Oz,92961786,2,46480893
"1,468",David Strathairn,92939985,9,10326665
"1,469",Debra Messing,92147955,5,18429591
"1,470",Sylvia Hoeks,92142878,3,30714293
"1,471",RJ Cyler,92122866,4,23030717
"1,472",Brad Renfro,92115211,1,92115211
"1,473",DMX,92060905,4,23015226
"1,474",Andi Matichak,92057223,3,30685741
"1,475",Alice Krige,92027888,2,46013944
"1,476",Cheryl Hines,92017872,5,18403574
"1,477",Pedro Pascal,91958141,3,30652714
"1,478",Rodney Dangerfield,91258000,1,91258000
"1,479",Lili Taylor,91188905,4,22797226
"1,480",Parker Posey,91185759,9,10131751
"1,481",Tyra Banks,91045921,2,45522961
"1,482",Douglas Smith,90955360,3,30318453
"1,483",Ron Lester,90776720,2,45388360
"1,484",Corbin Bleu,90700524,4,22675131
"1,485",Skylar Astin,90683473,6,15113912
"1,486",Madison Pettis,90648202,1,90648202
"1,487",Aidan Quinn,90622887,8,11327861
"1,488",Saffron Burrows,90584348,7,12940621
"1,489",Kelly Hu,90580000,2,45290000
"1,490",Steven Brand,90580000,1,90580000
"1,491",Lucas Grabeel,90560796,3,30186932
"1,492",Monique Coleman,90559416,1,90559416
"1,493",Michael Jordan,90463534,1,90463534
"1,494",Katt Williams,90445560,10,9044556
"1,495",Thomas Mann,90361337,7,12908762
"1,496",Emily Browning,90214319,9,10023813
"1,497",Cary Elwes,90088443,14,6434889
"1,498",Rhys Ifans,90086869,9,10009652
"1,499",Ruth Wilson,90022972,4,22505743
"1,500",Scott Glenn,89973360,4,22493340
"1,501",Terence Stamp,89768224,7,12824032
"1,502",Ashley Jensen,89705340,3,29901780
"1,503",Dacre Montgomery,89430937,2,44715469
"1,504",Ryan Guzman,89385404,9,9931712
"1,505",Gena Rowlands,89347178,5,17869436
"1,506",Dylan Minnette,89217875,1,89217875
"1,507",Daniel Zovatto,89217875,3,29739292
"1,508",Kristin Chenoweth,88911985,8,11113998
"1,509",Jake T. Austin,88791093,4,22197773
"1,510",David Rudman,88625922,1,88625922
"1,511",Matt Vogel,88625922,1,88625922
"1,512",Linda Hamilton,88401422,4,22100356
"1,513",Rex Harrison,88400000,5,17680000
"1,514",Stephen Dorff,87720859,13,6747758
"1,515",Donna Murphy,87388583,2,43694292
"1,516",Ella Purnell,87242834,3,29080945
"1,517",Keean Johnson,86694104,4,21673526
"1,518",Maureen Stapleton,86689714,3,28896571
"1,519",Anupam Kher,86652001,10,8665200
"1,520",La La Anthony,86598196,2,43299098
"1,521",Rod Steiger,86548199,3,28849400
"1,522",James Brolin,86432520,3,28810840
"1,523",Gabriel Iglesias,86422328,5,17284466
"1,524",Tony Revolori,86402178,6,14400363
"1,525",Doug Jones,86397192,4,21599298
"1,526",Mary Kay Place,86385117,4,21596279
"1,527",Aaliyah,86281140,2,43140570
"1,528",Nick Swardson,86278846,8,10784856
"1,529",Logan Miller,86113939,7,12301991
"1,530",Steven Wright,86089513,1,86089513
"1,531",Matt Lanter,86013959,4,21503490
"1,532",Timothy Dalton,85852015,2,42926008
"1,533",Lana Condor,85838210,5,17167642
"1,534",Veronica Taylor,85744662,1,85744662
"1,535",Mykelti Williamson,85718777,4,21429694
"1,536",Yul Brynner,85400591,2,42700296
"1,537",Eddie Griffin,85375170,6,14229195
"1,538",Becky G,85364450,2,42682225
"1,539",Ilene Woods,85000000,1,85000000
"1,540",Briana Evigan,84887449,5,16977490
"1,541",Taylor Russell,84858027,4,21214507
"1,542",Matt Stone,84812437,2,42406219
"1,543",Corbin Bernsen,84646327,10,8464633
"1,544",Katie Silverman,84410380,1,84410380
"1,545",Cindy Slattery,84410380,1,84410380
"1,546",Alfie Allen,84395614,4,21098904
"1,547",Eliza Dushku,84340677,6,14056780
"1,548",Sam Elliott,84306014,5,16861203
"1,549",Cliff Edwards,84300000,1,84300000
"1,550",Dick Jones,84300000,1,84300000
"1,551",Camilla Belle,84187099,5,16837420
"1,552",Neil Fanning,84185387,1,84185387
"1,553",Lauren London,84185371,3,28061790
"1,554",Ella Jay Basco,84158461,1,84158461
"1,555",Lil Rel Howery,84127022,7,12018146
"1,556",Zoey Deutch,84114421,10,8411442
"1,557",Don Novello,84052762,1,84052762
"1,558",Claudia Christian,84052762,1,84052762
"1,559",Corey Burton,84052762,1,84052762
"1,560",Jacqueline Obradors,84052762,1,84052762
"1,561",Phil Morris,84052762,2,42026381
"1,562",Kate Upton,83911193,1,83911193
"1,563",Joshua Jackson,83684608,6,13947435
"1,564",Daniel Brühl,83665265,12,6972105
"1,565",Ramon Rodriguez,83552429,1,83552429
"1,566",Joseph Morgan,83504017,1,83504017
"1,567",Peter Stebbings,83504017,1,83504017
"1,568",J. Michael Finley,83482352,1,83482352
"1,569",Chris Knights,83350911,1,83350911
"1,570",Annet Mahendru,83350911,1,83350911
"1,571",Tommy Chong,83266087,3,27755362
"1,572","John Gallagher, Jr.",83262919,4,20815730
"1,573",Jimmy Tatro,83240103,1,83240103
"1,574",Amber Tamblyn,83235100,4,20808775
"1,575",Keith L. Williams,83140306,1,83140306
"1,576",Brady Noon,83140306,1,83140306
"1,577",Woody Allen,82984825,5,16596965
"1,578",Bella Heathcote,82970386,5,16594077
"1,579",Michael Vartan,82941753,3,27647251
"1,580",Eric Stoltz,82761621,9,9195736
"1,581",Philip Bolden,82674398,1,82674398
"1,582",Aleisha Allen,82674398,1,82674398
"1,583",Ken Kirzinger,82622655,1,82622655
"1,584",Paul Dano,82572167,10,8257217
"1,585",Monica Bellucci,82548174,6,13758029
"1,586",Donald Pleasance,82461000,6,13743500
"1,587",Damon Wayans Jr.,82390774,4,20597694
"1,588",Stephen Collins,82258456,2,41129228
"1,589",Taylor Schilling,81947998,9,9105333
"1,590",Jill Scott,81665361,2,40832681
"1,591",Tim McGraw,81474842,2,40737421
"1,592",Phil Hartman,81469079,2,40734540
"1,593",Alex Winter,81462374,3,27154125
"1,594",Benjamin Walker,81270788,5,16254158
"1,595",Mark Addy,81181487,2,40590744
"1,596",Jacob Pitts,81159365,1,81159365
"1,597",Aaron Yoo,81159365,1,81159365
"1,598",Liza Lapira,81159365,1,81159365
"1,599",Willie Nelson,81136142,4,20284036
"1,600",Leighton Meester,81107145,6,13517858
"1,601",Marsai Martin,80987852,3,26995951
"1,602",Danny Huston,80752480,6,13458747
"1,603",Elisabeth Moss,80717705,12,6726475
"1,604",Nate Parker,80639002,5,16127800
"1,605",Bill Paxton,80395996,8,10049500
"1,606",Anna Chlumsky,80261990,3,26753997
"1,607",Darius A. Rose,80197993,1,80197993
"1,608",Hector Jimenez,80197993,1,80197993
"1,609",Michael Stahl-David,80054480,3,26684827
"1,610",Jessica Lucas,80048433,1,80048433
"1,611",Art Carney,79916394,2,39958197
"1,612",Kimberly Elise,79794883,2,39897442
"1,613",T.I. Tip Harris,79771177,4,19942794
"1,614",Gulliver McGrath,79727149,1,79727149
"1,615",Celia Imrie,79528759,5,15905752
"1,616",Ronald Pickup,79461905,2,39730953
"1,617",Elizabeth Mitchell,79071464,4,19767866
"1,618",Sinbad,79046770,3,26348923
"1,619",David Carradine,78440548,5,15688110
"1,620",J.K. Simmons,78231411,17,4601848
"1,621",Rachael Leigh Cook,77733334,9,8637037
"1,622",James Stewart,77446222,13,5957402
"1,623",Brittany Murphy,77430924,5,15486185
"1,624",Anya Taylor-Joy,77280118,8,9660015
"1,625",Max Records,77233467,2,38616734
"1,626",Quinton Jackson,77224090,2,38612045
"1,627",Robert Carlyle,77005560,6,12834260
"1,628",Charles S. Dutton,76705790,4,19176448
"1,629",Peter Sellers,76702840,6,12783807
"1,630",Richard Hunt,76657000,1,76657000
"1,631",Jerry Nelson,76657000,1,76657000
"1,632",Jim Henson,76657000,1,76657000
"1,633",Sarah Polley,76612778,4,19153195
"1,634",Amandla Stenberg,76604057,5,15320811
"1,635",Nick Robinson,76293381,7,10899054
"1,636",Herta Ware,76257348,1,76257348
"1,637",Don Ameche,76257348,1,76257348
"1,638",Tahnee Welch,76257348,1,76257348
"1,639",Gwen Verdon,76257348,2,38128674
"1,640",Wilford Brimley,76257348,1,76257348
"1,641",Jack Gilford,76257348,1,76257348
"1,642","Curtis ""50 Cent"" Jackson",76157145,7,10879592
"1,643",Roselyn Sánchez,76139084,2,38069542
"1,644",Liev Schreiber,76092231,12,6341019
"1,645",Jon Cryer,75913184,4,18978296
"1,646",Aaron Paul,75899943,15,5059996
"1,647",Peter Sarsgaard,75891816,8,9486477
"1,648",David Niven,75844718,6,12640786
"1,649",Leonard Howze,75781642,1,75781642
"1,650",Jake Miklovich,75764085,1,75764085
"1,651",Ryan Milkovich,75764085,1,75764085
"1,652",Izabella Miko,75690653,3,25230218
"1,653",Malcolm McDowell,75683752,11,6880341
"1,654",Maggie Elizabeth Jones,75624550,1,75624550
"1,655",Matthew Fox,75612570,4,18903143
"1,656",Ronda Rousey,75431302,2,37715651
"1,657",Charles Bronson,75305712,9,8367301
"1,658",Alfred Molina,75083313,8,9385414
"1,659",Ed Speleers,75030163,3,25010054
"1,660",Lea Michele,74869383,3,24956461
"1,661",Heather O'Rourke,74706019,1,74706019
"1,662",Omari Hardwick,74340585,9,8260065
"1,663",James Badge Dale,74246684,7,10606669
"1,664",Matthew Perry,74192677,2,37096339
"1,665",Keith Coogan,73987060,3,24662353
"1,666",Jorge Garcia,73940815,3,24646938
"1,667",Mitchel Musso,73661010,2,36830505
"1,668",Derek Richardson,73541319,2,36770660
"1,669",Alicia Keys,73443217,2,36721609
"1,670",Rachel Brosnahan,73391012,7,10484430
"1,671",Himesh Patel,73286650,1,73286650
"1,672",David Otunga,73266289,2,36633145
"1,673",K.J. Smith,73257045,1,73257045
"1,674",Rome Flynn,73257045,1,73257045
"1,675",Patrice Lovely,73257045,1,73257045
"1,676",Jen Harper,73257045,1,73257045
"1,677",Quin Walters,73257045,1,73257045
"1,678",Derrick Morgan,73257045,1,73257045
"1,679",Ciera Payton,73257045,1,73257045
"1,680",Dean Norris,73235179,3,24411726
"1,681",Daniel Studi,73215310,1,73215310
"1,682",Jena Malone,72907829,12,6075652
"1,683",Anton Starkman,72679278,1,72679278
"1,684",Katie Crown,72679278,1,72679278
"1,685",Stephen Kramer Glickman,72679278,1,72679278
"1,686",Ethan Embry,72616605,7,10373801
"1,687",Connie Nielsen,72484428,7,10354918
"1,688",Jim Cummings,72450813,5,14490163
"1,689",Alexandra Shipp,72392133,6,12065356
"1,690",Madeleine Stowe,72329310,2,36164655
"1,691",Ann-Margret,72121507,6,12020251
"1,692",Patricia Arquette,71996330,9,7999592
"1,693",Peter Weller,71973796,6,11995633
"1,694",Meg Tilly,71933329,3,23977776
"1,695",Lauren Cohan,71928314,3,23976105
"1,696",Helen Slater,71624879,2,35812440
"1,697",John Turturro,71536910,10,7153691
"1,698",Iko Uwais,71180298,7,10168614
"1,699",Paul Reubens,70702673,4,17675668
"1,700",Emmy Rossum,70685128,4,17671282
"1,701",Kirk Cameron,70612199,4,17653050
"1,702",Klay Thompson,70592228,1,70592228
"1,703",Nneka Ogwumike,70592228,1,70592228
"1,704",Anthony Davis,70592228,1,70592228
"1,705",Diana Taurasi,70592228,1,70592228
"1,706",Damian Lillard,70592228,1,70592228
"1,707",Jeff Bergman,70592228,1,70592228
"1,708",Harold Perrineau,70525195,1,70525195
"1,709",Melissa De Sousa,70525195,1,70525195
"1,710",TC Stallings,70377189,3,23459063
"1,711",Sara Paxton,70370577,8,8796322
"1,712",Scott Caan,70316364,3,23438788
"1,713",Vicky Krieps,70305601,5,14061120
"1,714",Tim Roth,70262579,18,3903477
"1,715",Jonathan Frakes,70187658,1,70187658
"1,716",Marina Sirtis,70187658,1,70187658
"1,717",LeVar Burton,70187658,1,70187658
"1,718",Anthony Zerbe,70187658,1,70187658
"1,719",Michael Dorn,70187658,1,70187658
"1,720",Gates McFadden,70187658,1,70187658
"1,721",Dakota Blue Richards,70107728,1,70107728
"1,722",Trini Alvarado,70065650,2,35032825
"1,723",Rashida Jones,69941968,6,11656995
"1,724",Alexis Bledel,69752015,6,11625336
"1,725",Spike Lee,69727040,4,17431760
"1,726",Jimmy Bennett,69670355,2,34835178
"1,727",Arielle Kebbel,69608529,3,23202843
"1,728",Y'Lan Noel,69488745,3,23162915
"1,729",Lex Scott Davis,69488745,2,34744373
"1,730",Steve Harris,69488745,1,69488745
"1,731",Jovian Wade,69488745,1,69488745
"1,732",Lisa Kudrow,69426106,4,17356527
"1,733",Ellen Burstyn,69260951,13,5327765
"1,734",Matt LeBlanc,69117629,2,34558815
"1,735",Kathleen Pollard,68947075,1,68947075
"1,736",Zoe Margaret Colletti,68947075,2,34473538
"1,737",Gabriel Rush,68947075,1,68947075
"1,738",Austin Abrams,68947075,2,34473538
"1,739",Lorraine Toussaint,68947075,1,68947075
"1,740",Austin Zajur,68947075,2,34473538
"1,741",Natalie Ganzhorn,68947075,1,68947075
"1,742",Gil Bellows,68947075,3,22982358
"1,743",Michael Garza,68947075,1,68947075
"1,744",Patrick Warburton,68806178,4,17201545
"1,745",Troy Garity,68758972,3,22919657
"1,746",Evan Peters,68719231,6,11453205
"1,747",KaDee Strickland,68631682,2,34315841
"1,748",Owen Wilder Vaccaro,68549695,1,68549695
"1,749",Prince,68392977,1,68392977
"1,750",Lin Shaye,68261850,8,8532731
"1,751",Gary Owen,67922347,2,33961174
"1,752",Anthony Perkins,67841901,4,16960475
"1,753",Beth Moore,67790117,1,67790117
"1,754",Karen Abercrombie,67790117,2,33895059
"1,755",Andrea Riseborough,67615049,15,4507670
"1,756",Natasha Richardson,67552518,2,33776259
"1,757",Maude Apatow,67544505,2,33772253
"1,758",Iris Apatow,67544505,1,67544505
"1,759",David A.R. White,67488777,6,11248130
"1,760",Abbie Cornish,67461798,11,6132891
"1,761",Julianna Gamiz,67363237,1,67363237
"1,762",Gustavo Quiroz,67363237,1,67363237
"1,763",Wil Wheaton,67361356,2,33680678
"1,764",Yulia Snigir,67349198,1,67349198
"1,765",Matthew MacFadyen,67331003,3,22443668
"1,766",Louise Lombard,67286731,2,33643366
"1,767",Billy Burke,67268835,3,22422945
"1,768",Lela Rochon,67052156,1,67052156
"1,769",Kerris Dorsey,66954149,1,66954149
"1,770",Garrett M. Brown,66758538,1,66758538
"1,771",Jean Louisa Kelly,66758538,1,66758538
"1,772",Elaine Bromka,66758538,1,66758538
"1,773",Reba McEntire,66757013,1,66757013
"1,774",Masi Oka,66757013,1,66757013
"1,775",D.J. Khaled,66757013,1,66757013
"1,776",Chris Brown,66633075,2,33316538
"1,777",Austin O’Brien,66575494,2,33287747
"1,778",Charlie Tahan,66494051,3,22164684
"1,779",Bobby Campo,66484803,5,13296961
"1,780",Peter Falk,66421552,5,13284310
"1,781",Romeo Miller,66384130,4,16596033
"1,782",Bridgette Wilson,66306557,2,33153279
"1,783",Mathieu Amalric,66088002,11,6008000
"1,784",Kevin Nash,66013057,2,33006529
"1,785",Adam Rodriguez,66013057,1,66013057
"1,786",Kelly Clarkson,65920402,4,16480101
"1,787",Sophie Turner,65845974,6,10974329
"1,788",Warwick Davis,65803157,2,32901579
"1,789",Jenna Dewan,65738646,4,16434662
"1,790",Natasha Henstridge,65734629,10,6573463
"1,791",Chad Michael Murray,65489351,13,5037642
"1,792",Tony Leung Chiu Wai,65479128,5,13095826
"1,793",Jaime King,65321274,5,13064255
"1,794",Jason Mewes,65302289,9,7255810
"1,795",Olivia DeJonge,65206105,4,16301526
"1,796",Deanna Dunagan,65206105,1,65206105
"1,797",Peter McRobbie,65206105,1,65206105
"1,798",Jon Bass,65191864,3,21730621
"1,799",Eleanor Tomlinson,65187603,2,32593802
"1,800",Harry J. Lennix,65070412,1,65070412
"1,801",Leonard Earl Howze,65070412,1,65070412
"1,802",Pam Grier,65035841,5,13007168
"1,803",Derek Mears,65002019,1,65002019
"1,804",Jonathan Lipnicki,64988411,4,16247103
"1,805",Chris Farley,64979027,2,32489514
"1,806",Ronald Lee Clark,64935167,1,64935167
"1,807",Mark Povinelli,64935167,1,64935167
"1,808",Martin Klebba,64935167,1,64935167
"1,809",Jordan Prentice,64935167,1,64935167
"1,810",Danny Woodburn,64935167,2,32467584
"1,811",Joey Gnoffo,64935167,1,64935167
"1,812",Sebastian Saraceno,64935167,1,64935167
"1,813",Oliver Jackson-Cohen,64914050,2,32457025
"1,814",Irma P. Hall,64771076,2,32385538
"1,815",Rachel Hurd-Wood,64720832,4,16180208
"1,816",Jonathan Kydd,64665672,1,64665672
"1,817",Shane Richie,64665672,1,64665672
"1,818",Michael Angarano,64618411,5,12923682
"1,819",Alex Russell,64600489,6,10766748
"1,820",Adelaide Kane,64473115,2,32236558
"1,821",Max Burkholder,64473115,2,32236558
"1,822",Kaley Cuoco,64463500,4,16115875
"1,823",Daniel Gill,64460211,1,64460211
"1,824",Aaron Takahashi,64460211,2,32230106
"1,825",Dean Cain,64435625,11,5857784
"1,826",Geraldine Viswanathan,64377982,4,16094496
"1,827",Danielle Panabaker,64310358,4,16077590
"1,828",Jessica Ellen Cornish,64063008,1,64063008
"1,829",Jesse Tyler Ferguson,64063008,1,64063008
"1,830",Jennifer Grey,63892689,2,31946345
"1,831",Adam Scott,63558697,7,9079814
"1,832",Chris Elliott,63477796,3,21159265
"1,833",Jessie Usher,63425400,2,31712700
"1,834",Jeff Cohen,63291156,1,63291156
"1,835",Ke Huy Quan,63291156,1,63291156
"1,836",Kerri Green,63291156,1,63291156
"1,837",Judy Garland,63185891,8,7898236
"1,838",Mike Judge,63118386,1,63118386
"1,839",Brooklynn Prince,63034217,3,21011406
"1,840",Charlotte Le Bon,62511797,5,12502359
"1,841",Tika Sumpter,62447254,5,12489451
"1,842",Elijah Kelley,62305960,2,31152980
"1,843",Cécile de France,62253212,8,7781652
"1,844",Jill Clayburgh,62200000,2,31100000
"1,845",Lee Evans,61894591,2,30947296
"1,846",Kylie Rogers,61705123,3,20568374
"1,847",Rob Brown,61562029,2,30781015
"1,848",Mel Rodriguez,61555145,2,30777573
"1,849",Carol Kane,61549734,7,8792819
"1,850",Israel Broussard,61529577,2,30764789
"1,851",Adrienne King,61477377,2,30738689
"1,852",Issa Rae,61438666,4,15359667
"1,853",Christie Brinkley,61400000,1,61400000
"1,854",Steven Yeun,61305907,5,12261181
"1,855",Christopher Lambert,61126704,10,6112670
"1,856",Mireille Enos,60983361,2,30491681
"1,857",Tenzing Norgay Trainor,60761390,1,60761390
"1,858",Joseph Izzo,60761390,1,60761390
"1,859",Albert Tsai,60761390,1,60761390
"1,860",Chloe Bennet,60761390,2,30380695
"1,861",Shane Harper,60755732,1,60755732
"1,862",Kevin Heffernan,60686695,5,12137339
"1,863",Peter Fonda,60602235,4,15150559
"1,864",Mark Webber,60373935,8,7546742
"1,865",Karen Black,60339542,7,8619935
"1,866",Gideon Adlon,60311495,3,20103832
"1,867",Sam Shepard,60307499,10,6030750
"1,868",Essence Atkins,60210921,4,15052730
"1,869",Sean Bean,60120816,11,5465529
"1,870",Paul Rodriguez,60085001,3,20028334
"1,871",Brett Kelly,60060328,1,60060328
"1,872",Tony Cox,60060328,1,60060328
"1,873",Jean Smart,60049901,3,20016634
"1,874",JoBeth Williams,60046059,5,12009212
"1,875",Chase Ellison,60028656,2,30014328
"1,876",Destiny Grace Whitlock,60022256,1,60022256
"1,877",Nicolas D'Agosto,59818934,2,29909467
"1,878",Diogo Morgado,59700064,2,29850032
"1,879",Gia Carides,59695259,2,29847630
"1,880",Lainie Kazan,59689605,1,59689605
"1,881",Bess Meisler,59689605,1,59689605
"1,882",Joey Fatone,59689605,1,59689605
"1,883",Bruce Gray,59689605,1,59689605
"1,884",Andrea Martin,59689605,1,59689605
"1,885",Elena Kampouris,59689605,5,11937921
"1,886",Michael Constantine,59689605,1,59689605
"1,887",Louis Mandylor,59689605,3,19896535
"1,888",Wes Studi,59581125,3,19860375
"1,889",Tony Todd,59530321,7,8504332
"1,890",Faith Hill,59475623,1,59475623
"1,891",Martine McCutcheon,59472278,1,59472278
"1,892",Abbi Jacobson,59330054,3,19776685
"1,893",Patricia Velasquez,59209974,2,29604987
"1,894",Geraldine Page,59207965,4,14801991
"1,895",Marcia Gay Harden,59138949,9,6570994
"1,896",Jenna Elfman,58997208,3,19665736
"1,897",Richard Attenborough,58958004,6,9826334
"1,898",Steele Stebbins,58884188,1,58884188
"1,899",Aubrey Plaza,58479819,19,3077885
"1,900",Keisha Castle-Hughes,58415516,5,11683103
"1,901",Dan Byrd,58401464,3,19467155
"1,902",Tyler Mane,58269151,2,29134576
"1,903",Jason Isaacs,58221759,7,8317394
"1,904",Ilfenesh Hadera,58060186,1,58060186
"1,905",Kelly Rohrbach,58060186,1,58060186
"1,906",Dexter Darden,58032443,2,29016222
"1,907",Laura Ramsey,57919265,5,11583853
"1,908",Ruby Barnhill,57902174,2,28951087
"1,909",Peter Capaldi,57693723,3,19231241
"1,910",Tzi Ma,57617958,6,9602993
"1,911",Dale Midkiff,57469179,1,57469179
"1,912",Devon Sawa,57403496,7,8200499
"1,913",Tyler Labine,57381136,7,8197305
"1,914",Joanne Whalley,57269863,2,28634932
"1,915",Jun Kunimura,57178875,4,14294719
"1,916",John Huston,57100023,3,19033341
"1,917",Barbara Hershey,57063915,3,19021305
"1,918",Deborah Ann Woll,57002353,3,19000784
"1,919",Jay Ellis,57000756,3,19000252
"1,920",Christopher Castile,56979478,1,56979478
"1,921",Sarah Rose Karr,56979478,1,56979478
"1,922",Nicholle Tom,56979478,2,28489739
"1,923",Samara Weaving,56978556,6,9496426
"1,924",Natascha McElhone,56906413,4,14226603
"1,925",Jonathan Rhys-Meyers,56817827,12,4734819
"1,926",Shelley Duvall,56773633,2,28386817
"1,927",Vincent Cassel,56747845,15,3783190
"1,928",Samantha Mumba,56684819,1,56684819
"1,929",Lanei Chapman,56607223,1,56607223
"1,930",Vince Vieluf,56607223,1,56607223
"1,931",Dave Thomas,56607223,2,28303612
"1,932",Stacey Dash,56598476,2,28299238
"1,933",Nick Cannon,56563291,7,8080470
"1,934",Louis Gossett Jr.,56510217,9,6278913
"1,935",Javon Walton,56489153,2,28244577
"1,936",Candace Carey,56398162,1,56398162
"1,937",Kat Dennings,56356753,6,9392792
"1,938",Ashley Bell,56240684,5,11248137
"1,939",Richard E. Grant,56189819,9,6243313
"1,940",Mackenzie Foy,56170064,3,18723355
"1,941",Jordin Sparks,56162078,3,18720693
"1,942",Peter Sallis,56068547,1,56068547
"1,943",Tucker Albrizzi,56003051,1,56003051
"1,944",Charles Aitken,55683845,1,55683845
"1,945",Ruby Modine,55683845,3,18561282
"1,946",Laura Clifton,55683845,1,55683845
"1,947",David Wenham,55675313,4,13918828
"1,948",Emily Barclay,55675313,2,27837657
"1,949",Adrienne de Faria,55675313,1,55675313
"1,950",Parminder Nagra,55457126,3,18485709
"1,951",Kyle Gallner,55421433,8,6927679
"1,952",Sam Richardson,55343277,4,13835819
"1,953",Brooke Langton,55334793,2,27667397
"1,954",Michael Jai White,55283950,13,4252612
"1,955",Jaime Pressly,55226095,3,18408698
"1,956",Usher,55220009,3,18406670
"1,957",Jay Mohr,55208281,5,11041656
"1,958",Gregory Smith,55143823,1,55143823
"1,959",Kevin Dunn,55143823,1,55143823
"1,960",Misty Copeland,54858851,1,54858851
"1,961",Jayden Fowora-Knight,54858851,1,54858851
"1,962",Casper Van Dien,54768952,9,6085439
"1,963",Vanessa Bayer,54767494,2,27383747
"1,964",Da’Vine Joy Randolph,54767494,2,27383747
"1,965",Jonathan Brown,54737430,2,27368715
"1,966",Raymond Cruz,54733739,1,54733739
"1,967",Marisol Ramirez,54733739,1,54733739
"1,968",Oliver Cooper,54731865,1,54731865
"1,969",Jon Bon Jovi,54579638,2,27289819
"1,970",Seth Meyers,54544638,1,54544638
"1,971",Stefanie Scott,54403198,5,10880640
"1,972",Kate Walsh,54331654,6,9055276
"1,973",Chris Kattan,54313125,5,10862625
"1,974",Irrfan Khan,54310663,12,4525889
"1,975",Richard Jenkins,54240864,9,6026763
"1,976",Manish Dayal,54235441,2,27117721
"1,977",Song Kang-ho,54228587,4,13557147
"1,978",Mitchell Whitfield,54149098,1,54149098
"1,979",Mikey Kelley,54149098,1,54149098
"1,980",Nolan North,54149098,1,54149098
"1,981",Erik Stolhanske,54111413,4,13527853
"1,982",Steve Lemme,54111413,4,13527853
"1,983",Jay Chandrasekhar,54111413,4,13527853
"1,984",Paul Soter,54111413,4,13527853
"1,985",Laz Alonso,54100636,3,18033545
"1,986",Lamorne Morris,54030051,2,27015026
"1,987",Deon Cole,54030051,1,54030051
"1,988",Daoming Chen,54029747,2,27014874
"1,989",Ty Simpkins,54009150,2,27004575
"1,990",Lee Grant,54000000,2,27000000
"1,991",Dennis Farina,53881391,8,6735174
"1,992",Maggie Cheung,53851744,4,13462936
"1,993",Luke Bracey,53800600,9,5977844
"1,994",Robbie Amell,53730375,3,17910125
"1,995",Josh Hamilton,53718337,3,17906112
"1,996",Kyra Sedgwick,53571535,7,7653076
"1,997",Omar Sy,53487323,7,7641046
"1,998",Kel Mitchell,53475004,2,26737502
"1,999",Sun-Kyun Lee,53386308,4,13346577
"2,000",Choi Woo-sik,53369745,3,17789915
